"Facility ID","Facility Name","Address","City","State","ZIP Code","County","Telephone","Patients who reported that staff definitely gave care in a professional way and the facility was clean","Patients who reported that staff somewhat gave care in a professional way or the facility was somewhat clean","Patients who reported that staff did not give care in a professional way or the facility was not clean","Facilities and staff linear mean score","Patients who reported that staff definitely communicated about what to expect during and after the procedure","Patients who reported that staff somewhat communicated about what to expect during and after the procedure","Patients who reported that staff did not communicate about what to expect during and after the procedure","Communication about your procedure linear mean score","Patients who gave the facility a rating of 9 or 10 on a scale from 0 (lowest) to 10 (highest)","Patients who gave the facility a rating of 7 or 8 on a scale from 0 (lowest) to 10 (highest)","Patients who gave the facility a rating of 0 to 6 on a scale from 0 (lowest) to 10 (highest)","Patients’ rating of the facility linear mean score","Patients who reported YES they would DEFINITELY recommend the facility to family or friends","Patients who reported PROBABLY YES they would recommend the facility to family or friends","Patients who reported NO, they would not recommend the facility to family or friends","Patients recommending the facility linear mean score","Footnote","Number of Sampled Patients","Number of Completed Surveys","Survey Response Rate Percent","Start Date","End Date"
01C0001020,MEDPLEX OUTPATIENT SURGERY CENTER LTD,4511 SOUTHLAKE PARKWAY,BIRMINGHAM,AL,35244,,(205) 985-4398,98,2,0,99,94,5,1,96,91,8,1,96,90,9,1,96,,1249,322,26,01/01/2021,12/31/2021
01C0001042,GULF COAST SURGICAL PARTNERS LLC,"3715 DAUPHIN ST, STE. 503B",MOBILE,AL,36608,,(251) 272-4934,96,3,1,98,92,6,2,95,88,9,3,95,90,8,2,96,,1400,305,22,01/01/2021,12/31/2021
01C0001051,ALABAMA DIGESTIVE HEALTH ENDOSCOPY CENTER LLC,2010 BROOKWOOD MEDICAL CTR DR  G100,BIRMINGHAM,AL,35209,,(205) 877-1187,96,4,0,98,91,7,2,95,88,10,2,95,85,13,2,94,,1638,441,29,01/01/2021,12/31/2021
03C0001016,SURGERY CENTER OF PEORIA,13260 NORTH 94TH DR SUITE 200,PEORIA,AZ,85381,,(623) 234-4307,97,3,0,99,90,8,2,94,88,10,2,95,86,11,3,94,,1528,343,22,01/01/2021,12/31/2021
03C0001052,CENTER FOR ADVANCED SURGERY,3367 SOUTH MERCY RD SUITE 101,GILBERT,AZ,85297,,(480) 899-2571,98,2,0,99,91,8,1,95,92,7,1,96,87,11,2,94,,1063,267,25,01/01/2021,12/31/2021
03C0001056,PHYSICIANS SURGERY CENTER OF TEMPE LLC DBA PHYSICIANS SURGERY CENTER OF TEMPE,2905 WEST WARNER RD SUITE 10,CHANDLER,AZ,85282,,(480) 820-7101,98,2,0,99,88,9,3,93,91,8,1,96,88,11,1,95,,1203,292,24,01/01/2021,12/31/2021
03C0001247,SURGERY CENTER OF SCOTTSDALE LLC DBA MOUNTAIN VIEW SURGERY CENTER OF SCOTTSDALE,8962 EAST DESERT COVE AVE SUITE 120A,SCOTTSDALE,AZ,85260,,(480) 661-5232,98,2,0,99,92,7,1,96,90,7,3,95,88,10,2,95,,1201,245,20,01/01/2021,12/31/2021
03C0001259,ARIZONA GASTROENTEROLOGY LTD,"7566 N. LA CHOLLA BLVD., STE. B",TUCSON,AZ,85741,,(520) 547-5847,94,5,1,97,89,8,3,93,84,13,3,94,78,19,3,91,,1223,403,33,01/01/2021,12/31/2021
03C0001265,ST JOSEPH'S OUTPATIENT SURGERY CENTER LLC,240 W. THOMAS RD,PHOENIX,AZ,85013,,(602) 406-3552,94,5,1,97,88,9,3,93,82,13,5,92,80,15,5,91,,1980,311,16,01/01/2021,12/31/2021
03C0001279,CHANDLER ENDOSCOPY AMBULATORY SURGERY CENTER LLC DBA CHANDLER ENDOSCOPY CENTER,2095 WEST PECOS RD SUITE A1,CHANDLER,AZ,85224,,(480) 292-9795,98,2,0,99,92,7,1,96,92,7,1,96,89,10,1,96,,845,252,30,01/01/2021,12/31/2021
03C0001289,CARONDELET ST MARYS NORTHWEST LLC DBA CARONDELET FOOTHILLS SURGERY CENTER,2220 WEST ORANGE GROVE RD,TUCSON,AZ,85741,,(520) 877-5665,97,3,0,98,88,10,2,93,87,11,2,94,80,17,3,92,,1049,309,29,01/01/2021,12/31/2021
03C0001290,CAMP LOWELL SURGERY CENTER LLC DBA CAMP LOWELL SURGERY CENTER,4620 EAST CAMP LOWELL DR,TUCSON,AZ,85712,,(520) 618-6058,97,2,1,98,91,7,2,95,89,9,2,95,88,10,2,95,,883,345,39,01/01/2021,12/31/2021
03C0001298,SURGICAL ELITE OF AVONDALE,10815 WEST MCDOWELL RD SUITE 101,AVONDALE,AZ,85392,,(623) 433-0192,97,3,0,98,90,8,2,94,89,9,2,95,88,10,2,95,,1663,292,18,01/01/2021,12/31/2021
03C0001302,PINNACLE SURGERY CENTER OF PEORIA LLC,6790 W. THUNDERBIRD RD.,PEORIA,AZ,85381,,(623) 979-1717,98,2,0,99,91,7,2,94,90,9,1,96,87,12,1,95,,1344,317,24,01/01/2021,12/31/2021
03C0001305,DESERT RIDGE OUTPATIENT SURGERY CENTER,20940 NORTH TATUM BLVD SUITE 100,PHOENIX,AZ,85050,,(480) 502-4000,98,2,0,99,89,9,2,94,88,11,1,95,84,16,0,94,,1006,271,27,01/01/2021,12/31/2021
03C0001313,SOUTHWEST ENDOSCOPY AND SURGICENTER LLC,"2223 E. BASELINE RD, STE. B",GILBERT,AZ,85234,,(480) 289-5266,,,,,,,,,,,,,,,,,4,,,,,
03C0001347,SURGCENTER AT PARADISE VALLEY LLC DBA SURGCENTER AT PIMA CROSSING,8415 NORTH PIMA RD SUITE 190,SCOTTSDALE,AZ,85258,,(480) 800-3206,,,,,,,,,,,,,,,,,4,,,,,
03C0001352,SURGCENTER OF DEER VALLEY LLC,19820 NORTH 7TH ST SUITE 190,PHOENIX,AZ,85024,,(602) 904-7039,,,,,,,,,,,,,,,,,4,,,,,
03C0001356,SURGERY CENTER OF SCOTTSDALE LLC DBA MOUNTAIN VIEW SURGERY CENTER OF GLENDALE,18555 NORTH 79TH AVE BUILDING C,GLENDALE,AZ,85308,,(623) 776-2500,96,3,1,97,93,6,1,96,87,12,1,95,85,13,2,94,,1822,361,20,01/01/2021,12/31/2021
03C0001357,SURGERY CENTER OF SCOTTSDALE LLC DBA MOUNTAIN VIEW SURGERY CENTER OF GILBERT,2450 EAST GUADALUPE RD SUITE 101,GILBERT,AZ,85234,,(480) 398-8456,97,3,0,99,92,7,1,96,89,10,1,96,86,12,2,94,,941,204,22,01/01/2021,12/31/2021
03C0001361,SURGCENTER CAMELBACK,6245 NORTH 24TH PARKWAY SUITE 112,PHOENIX,AZ,85016,,(602) 682-7005,,,,,,,,,,,,,,,,,4,,,,,
03C0001395,ORTHOARIZONA SURGERY CENTER GILBERT,1675 EAST MELROSE ST SUITE 201,GILBERT,AZ,85297,,(480) 519-8100,98,2,0,99,93,6,1,96,93,6,1,97,92,7,1,97,,1522,540,35,01/01/2021,12/31/2021
03C0001414,WESTGATE SURGERY CENTER,7730 NORTH 99TH AVE SUITE 100,GLENDALE,AZ,85307,,(623) 888-5500,99,1,0,99,92,7,1,95,91,8,1,96,87,12,1,95,,529,156,30,01/01/2021,12/31/2021
05C0001006,SAN GABRIEL VALLEY SURGICAL CENTER LP,1250 SOUTH SUNSET AVE SUITE 100,WEST COVINA,CA,91790,,(626) 960-6623,97,3,0,99,89,9,2,94,85,13,2,94,82,16,2,93,,808,262,32,01/01/2021,12/31/2021
05C0001174,MISSION AMBULATORY SURGICENTER,26730 CROWN VALLEY PARKWAY SUITE 100,MISSION VIEJO,CA,92691,,(949) 364-2201,96,3,1,98,88,10,2,93,87,9,4,94,83,15,2,93,,1573,419,27,01/01/2021,12/31/2021
05C0001198,HEALTHCARE PARTNER AMBULATORY SURGERY CENTER,"2600 REDONDO AVE, SUITE 103",LONG BEACH,CA,90806,,(562) 988-7162,95,5,0,97,88,8,4,92,82,16,2,93,77,20,3,91,,1241,358,29,01/01/2021,12/31/2021
05C0001321,EL MIRADOR SURGICAL CENTER,1180 N. INDIAN CANYON #110,PALM SPRINGS,CA,92262,,(469) 893-6573,97,3,0,98,88,9,3,92,88,9,3,95,88,10,2,95,,1095,351,32,01/01/2021,12/31/2021
05C0001447,COAST SURGERY CENTER LP,3445 PACIFIC COAST HWY SUITE 110,TORRANCE,CA,90505,,(310) 325-4555,97,3,0,99,89,9,2,93,90,9,1,95,88,11,1,95,,1380,299,22,01/01/2021,12/31/2021
05C0001481,PAIN DIAGNOSTIC & TREATMENT CENTER,2805 J ST SUITE 200,SACRAMENTO,CA,95816,,(916) 231-8755,98,2,0,99,91,7,2,95,87,11,2,95,84,14,2,94,,1369,382,28,01/01/2021,12/31/2021
05C0001493,NORTH STATE SURGERY CENTERS LP DBA CT ST SURGERY CENTER,2184 CT ST,REDDING,CA,96001,,(530) 225-7417,98,2,0,99,92,6,2,95,90,9,1,96,89,10,1,96,,973,296,30,01/01/2021,12/31/2021
05C0001505,MAGNOLIA SURGERY CENTER,14571 MAGNOLIA ST # 107,WESTMINSTER,CA,92683,,(714) 903-1390,96,4,0,98,90,8,2,94,78,19,3,92,78,20,2,91,,1176,260,22,01/01/2021,12/31/2021
05C0001508,AMBULATORY SURGERY CENTER OF STOCKTON,2388 N. CALIFORNIA ST.,STOCKTON,CA,95204,,(209) 944-9100,98,2,0,99,93,6,1,96,92,8,0,97,92,6,2,96,,1046,336,32,01/01/2021,12/31/2021
05C0001529,SANTA BARBARA SURGERY CENTER,3045 DE LA VINA ST,SANTA BARBARA,CA,93105,,(805) 569-3226,97,3,0,99,89,9,2,94,85,13,2,94,86,13,1,94,,937,368,39,01/01/2021,12/31/2021
05C0001534,FOLSOM OUTPATIENT SURGERY CENTER LP DBA FOLSOM SURGERY CENTER,1651 CREEKSIDE DR SUITE 100,FOLSOM,CA,95630,,(916) 673-1990,97,3,0,98,91,7,2,95,87,11,2,95,88,10,2,95,,900,296,33,01/01/2021,12/31/2021
05C0001552,SIERRA PACIFIC SURGERY CENTER LP,1630 E. HERNDON AVE. #150,FRESNO,CA,93720,,(559) 256-1631,,,,,,,,,,,,,,,,,4,,,,,
05C0001558,PACIFIC ENDO-SURGICAL CENTER LP,3445 PACIFIC COAST HWY SUITE 120,TORRANCE,CA,90505,,(310) 326-1666,97,2,1,98,88,9,3,92,87,11,2,94,80,18,2,92,,1198,358,30,01/01/2021,12/31/2021
05C0001571,UNIVERSITY SURGERY CENTER,1390 E. YOSEMITE AVE. STE. B,MERCED,CA,95340,,(209) 580-3409,97,3,0,99,90,8,2,94,87,11,2,95,84,13,3,93,,1475,339,23,01/01/2021,12/31/2021
05C0001572,ROSEVILLE SURGERY CENTER,1420 ROSEVILLE PARKWAY SUITE 100,ROSEVILLE,CA,95661,,(916) 677-2488,96,3,1,97,90,8,2,94,85,11,4,93,82,16,2,93,,1080,299,28,01/01/2021,12/31/2021
05C0001596,TRESANTI SURGICAL CENTER LLC,"5201 NORRIS CANYON RD., # 100",SAN RAMON,CA,94583,,(925) 973-0605,98,2,0,99,96,4,0,98,94,5,1,97,92,7,1,97,,986,319,32,01/01/2021,12/31/2021
05C0001604,PROCEDURE CENTER OF SOUTH SACRAMENTO INC,"8120 TIMBERLAKE WAY, STE. 103",SACRAMENTO,CA,95823,,(916) 681-2350,97,2,1,98,90,8,2,94,86,12,2,94,87,11,2,95,,1603,340,21,01/01/2021,12/31/2021
05C0001643,NORTH STATE SURGERY CENTERS DBA MERCY SURGERY CENTER,2175 ROSALINE AVE SUITE A,REDDING,CA,96001,,(530) 245-4845,99,1,0,99,93,6,1,96,93,7,0,97,90,10,0,97,,964,329,34,01/01/2021,12/31/2021
05C0001711,ST JOSEPH'S SURGERY CENTER,1800 NORTH CALIFORNIA ST SUITE 1,STOCKTON,CA,95204,,(209) 467-6316,98,2,0,99,91,7,2,94,89,10,1,96,89,11,0,96,,771,193,25,01/01/2021,12/31/2021
05C0001719,SCRIPPS HEALTH,10010 CAMPUS POINT DR,SAN DIEGO,CA,92121,,(619) 743-5565,99,1,0,99,93,6,1,96,93,6,1,97,91,8,1,96,,2390,709,30,01/01/2021,12/31/2021
05C0001750,REAGAN ST SURGERY CENTER,10904 REAGAN ST,LOS ALAMITOS,CA,90720,,(562) 596-3140,98,2,0,99,89,8,3,93,89,10,1,96,89,10,1,96,,1002,310,31,01/01/2021,12/31/2021
05C0001756,ENCINITAS ENDOSCOPY CENTER LLC,"700 GARDEN VIEW CRT, STE. 101",ENCINITAS,CA,92024,,(760) 274-2700,98,2,0,99,89,9,2,94,92,7,1,96,89,9,2,95,,956,295,31,01/01/2021,12/31/2021
05C0001757,GRASS VALLEY SURGERY CENTER,408 SIERRA COLLEGE DR,GRASS VALLEY,CA,95945,,(530) 271-2282,98,2,0,99,90,9,1,94,89,10,1,95,91,7,2,96,,1063,421,40,01/01/2021,12/31/2021
05C0001764,COAST SURGERY CENTER LP,3445 PACIFIC COAST HWY #110,TORRANCE,CA,90505,,(310) 325-4555,96,3,1,98,90,7,3,94,90,8,2,95,88,10,2,95,,1434,419,29,01/01/2021,12/31/2021
05C0001803,PACIFIC ENDOSCOPY AND SURGERY CENTER LLC,17815 NEWHOPE ST SUITE R,FOUNTAIN VALLEY,CA,92708,,(714) 432-8881,96,3,1,98,93,6,1,96,85,13,2,93,79,19,2,92,,1600,296,19,01/01/2021,12/31/2021
05C0001840,OASIS SURGERY CENTER LP,815 AUTO CENTER DR.,PALMDALE,CA,93551,,(661) 206-6262,95,4,1,97,90,8,2,94,89,10,1,95,93,7,0,98,,1257,261,21,01/01/2021,12/31/2021
05C0001842,SCRIPPS ENCINITAS SURGERY CENTER LLC,320 SANTA FE DR  SUITE LL2,ENCINITAS,CA,92024,,(760) 632-3900,96,4,0,98,94,5,1,97,88,10,2,95,87,11,2,95,,881,280,32,01/01/2021,12/31/2021
05C0001860,TALBERT SURGICAL ASSOCIATES,"7677 CENTER AVE, # 104",HUNTINGTON BEACH,CA,92647,,(714) 881-8722,95,4,1,97,87,9,4,92,83,14,3,93,78,18,4,91,,2622,645,25,01/01/2021,12/31/2021
05C0001863,HACIENDA OUTPATIENT SURGERY CENTER LLC DBA HACIENDA SURGERY CENTER,4626 WILLOW RD SUITE 100,PLEASANTON,CA,94588,,(925) 734-6744,98,2,0,99,94,5,1,97,90,9,1,96,91,8,1,96,,970,308,32,01/01/2021,12/31/2021
05C0001879,SCRIPPS HEALTH,10010 CAMPUS POINT DR,SAN DIEGO,CA,92121,,(619) 743-5565,98,2,0,99,93,5,2,96,91,8,1,96,89,9,2,96,,3569,919,26,01/01/2021,12/31/2021
05C0001975,HUNTINGTON AMBULATORY SURGERY CENTER,625 SOUTH FAIR OAKS AVE SUITE 380,PASADENA,CA,91105,,(626) 229-8999,98,2,0,99,90,8,2,94,94,6,0,97,92,7,1,97,,883,257,29,01/01/2021,12/31/2021
05C0002058,UC REGENTS UCLA DEPT OF MEDICINE PROFESSIONAL GROUP,25775 WEST MCBEAN PARKWAY SUITE 115,LOS ANGELES,CA,90095,,(661) 253-7956,95,4,1,97,87,10,3,92,80,16,4,91,76,20,4,90,,4793,1110,23,01/01/2021,12/31/2021
05C0002179,SCRIPPS HEALTH,10010 CAMPUS POINT DR,SAN DIEGO,CA,92121,,(619) 743-5565,97,2,1,98,92,7,1,95,92,6,2,96,91,8,1,96,,5806,1290,22,01/01/2021,12/31/2021
05C0002196,VENTANA SURGICAL CENTER LLC,18133 VENTURA BLVD SUITE 400,ADDISON,CA,91356,,(818) 668-6200,96,3,1,97,89,9,2,93,87,9,4,94,83,12,5,92,,2244,556,25,01/01/2021,12/31/2021
05C0002215,WEST COAST JOINT AND SPINE CENTER,8135 SARATOGA WAY,EL DORADO HILLS,CA,95762,,(000) 000-0000,97,2,1,98,90,8,2,94,92,6,2,96,90,8,2,96,,945,311,33,01/01/2021,12/31/2021
06C0001028,KAISER PERMANENTE SURGERY CTR,2045 FRANKLIN ST,DENVER,CO,80205,,(303) 764-4420,97,3,0,99,92,7,1,96,84,14,2,94,83,16,1,94,,2899,817,28,01/01/2021,12/31/2021
06C0001057,AUDUBON AMBULATORY SURGERY CENTER LLC,3030 N. CIR DR STE 101,COLORADO SPRINGS,CO,80909,,(719) 355-3422,,,,,,,,,,,,,,,,,4,,,,,
06C0001058,GOLDEN RIDGE SURGERY CENTER LLC,"660 GOLDEN RIDGE RD., STE. 110",GOLDEN,CO,80401,,(303) 963-1507,97,2,1,98,93,6,1,96,90,8,2,95,87,11,2,95,,934,268,29,01/01/2021,12/31/2021
06C0001079,SUMMIT VIEW SURGERY CENTER,7730 SOUTH BROADWAY,LITTLETON,CO,80122,,(303) 730-2376,98,2,0,99,93,6,1,96,94,5,1,96,93,7,0,97,,914,214,23,01/01/2021,12/31/2021
06C0001080,FLATIRONS SURGERY CENTER LLC,70 HEALTH PARK DR,LOUISVILLE,CO,80027,,(720) 890-2721,98,2,0,99,93,6,1,96,92,7,1,96,86,12,2,94,,1219,280,23,01/01/2021,12/31/2021
06C0001085,CROWN POINT SURGERY CENTER LLC,9397 CROWN CREST BLVD,PARKER,CO,80138,,(720) 974-6499,96,4,0,98,90,9,1,94,89,8,3,95,88,10,2,95,,1133,276,24,01/01/2021,12/31/2021
06C0001110,HARVARD PARK SURGERY CENTER LLC,1000 EAST HARVARD AVE,DENVER,CO,80210,,(303) 778-5773,98,2,0,99,93,6,1,96,87,11,2,94,87,12,1,95,,1065,371,35,01/01/2021,12/31/2021
06C0001131,AUDUBON AMBULATORY SURGERY CENTER LLC,"6011 E. WOODMAN RD., STE. 200",COLORADO SPRINGS,CO,80909,,(719) 355-3422,,,,,,,,,,,,,,,,,4,,,,,
06C0001133,GREENWOOD ASC LLC DBA COLORADO PREMIER SURGERY CENTER AT GREENWOOD VILLAGE,7447 EAST BERRY AVE SUITE 100,GREENWOOD VILLAGE,CO,80111,,(720) 493-4115,96,3,1,97,89,8,3,93,85,12,3,94,80,17,3,92,,1351,274,20,01/01/2021,12/31/2021
06C0001145,KAISER PERMANENTE AMBULATORY SURG CTR LONE TREE,10240 PARK MEADOWS DRIVE,LONE TREE,CO,80124,,(000) 000-0000,98,2,0,99,92,7,1,95,91,8,1,96,87,11,2,95,,2534,737,29,01/01/2021,12/31/2021
06C0001163,SOUTH DENVER SURGERY CENTER,300 EAST MINERAL AVE #9,LITTLETON,CO,80122,,(720) 360-3400,97,3,0,99,91,7,2,95,87,10,3,94,84,13,3,93,,2322,622,27,01/01/2021,12/31/2021
06C0001164,GREENWOOD ASC LLC DBA COLORADO PREMIER SURGERY CENTER AT LAKEWOOD,355 UNION BLVD SUITE 10,LAKEWOOD,CO,80228,,(303) 689-8712,96,4,0,98,87,11,2,92,83,13,4,93,82,15,3,93,,1161,212,18,01/01/2021,12/31/2021
07C0001048,NORTH HAVEN SURGERY CENTER LLC,52 WASHINGTON AVE SUITE 1,NORTH HAVEN,CT,06473,,(203) 234-7727,98,2,0,99,90,9,1,94,85,14,1,95,84,14,2,94,,996,269,27,01/01/2021,12/31/2021
10C0001025,SURGERY CENTER AT UNIVERSITY PARK LLC DBA PREMIER SURGERY CENTER OF SARASOTA,983 SOUTH BENEVA RD,SARASOTA,FL,34232,,(941) 365-5355,97,3,0,98,89,8,3,93,89,9,2,95,87,11,2,94,,1365,566,41,01/01/2021,12/31/2021
10C0001089,ST AUGUSTINE ENDOSCOPY CENTER LLC,212 SOUTHPARK CIR EAST,SAINT AUGUSTINE,FL,32086,,(904) 824-6108,,,,,,,,,,,,,,,,,4,,,,,
10C0001203,UNIVERSITY SURGERY CENTER LTD,7251 UNIVERSITY BLVD SUITE 100,WINTER PARK,FL,32792,,(407) 677-0066,96,3,1,97,93,6,1,96,92,7,1,96,90,9,1,96,,1001,244,24,01/01/2021,12/31/2021
10C0001214,THE OUTPATIENT CENTER OF BOYNTON BEACH,2351 SOUTH SEACREST BLVD,BOYNTON BEACH,FL,33435,,(561) 732-5900,95,4,1,97,89,7,4,92,86,9,5,93,82,14,4,92,,1084,257,24,01/01/2021,12/31/2021
10C0001236,DELRAY BEACH SURGERY CENTER,4800 LINTON BOULEVARD BUILDING B,DELRAY BEACH,FL,33445,,(561) 495-9111,,,,,,,,,,,,,,,,,4,,,,,
10C0001264,TREASURE COAST SURGERY CENTER LLC DBA TREASURE COAST CENTER FOR SURGERY,1155 SOUTHEAST MONTEREY RD EXT,STUART,FL,34994,,(772) 286-8028,98,2,0,99,90,8,2,94,90,9,1,95,88,11,1,95,,1051,413,39,01/01/2021,12/31/2021
10C0001293,WINTER HAVEN AMBULATORY SURGICAL CENTER LLC,325 AVE B NW,WINTER HAVEN,FL,33881,,(469) 893-6573,98,2,0,99,93,6,1,96,91,8,1,96,91,8,1,97,,1163,366,31,01/01/2021,12/31/2021
10C0001302,TAMARAC SURGERY CENTER LLC DBA THE SURGERY CENTER OF FORT LAUDERDALE,4485 NORTH STATE RD 7,LAUDERDALE LAKES,FL,33319,,(954) 735-0096,94,5,1,97,87,10,3,92,80,16,4,92,77,19,4,90,,1274,286,22,01/01/2021,12/31/2021
10C0001308,UNIVERSITY EYE SURGERY CENTER,"13051 UNIVERSITY DR, STE. 102",FORT MYERS,FL,33907,,(239) 590-6111,98,2,0,99,90,8,2,94,89,10,1,95,89,10,1,96,,1939,634,33,01/01/2021,12/31/2021
10C0001313,DOCTORS SURGICAL PARTNERSHIP LTD DBA MELBOURNE SAME DAY SURGERY,1035 SOUTH APOLLO BLVD,MELBOURNE,FL,32901,,(321) 434-9134,,,,,,,,,,,,,,,,,4,,,,,
10C0001319,JACKSONVILLE ENDOSCOPY CENTERS LLC DBA JACKSONVILLE CENTER FOR ENDOSCOPY,1610 BARRS ST SUITE B,JACKSONVILLE,FL,32204,,(904) 387-6750,96,3,1,98,90,7,3,94,87,11,2,94,84,15,1,94,,1671,485,29,01/01/2021,12/31/2021
10C0001332,LASER AND SURGERY CENTER OF THE PALM BEACHES,3602 KYOTO GARDENS DR,PALM BEACH GARDENS,FL,33410,,(561) 799-3388,95,5,0,97,88,9,3,93,87,10,3,94,88,10,2,95,,1260,432,34,01/01/2021,12/31/2021
10C0001362,DESTIN SURGERY CENTER LLC,4485 FURLING LANE,DESTIN,FL,32541,,(850) 650-7606,98,2,0,99,94,5,1,97,91,8,1,96,90,9,1,96,,1233,497,40,01/01/2021,12/31/2021
10C0001363,DOCTORS GI PARTNERSHIP LTD DBA MELBOURNE GI CENTER,1051 SOUTH HICKORY ST SUITE K,MELBOURNE,FL,32901,,(513) 319-6256,98,2,0,99,94,5,1,96,91,7,2,95,85,13,2,94,,1012,297,29,01/01/2021,12/31/2021
10C0001371,CHARLOTTE ENDOSCOPIC SURGERY CENTER LLC DBA CHARLOTTE ENDOSCOPIC SURGERY CENTER,23970 SUNCOAST BLVD,PORT CHARLOTTE,FL,33908,,(947) 625-3636,98,2,0,99,90,8,2,94,86,12,2,94,84,14,2,94,,907,414,46,01/01/2021,12/31/2021
10C0001377,OPHTHALMOLOGY SURGERY CENTER OF ORLANDO LLC DBA ORLANDO OPHTHALMOLOGY SURGERY CENTER,105 BONNIE LOCH CT,ORLANDO,FL,32806,,(407) 428-0040,95,4,1,97,90,7,3,94,82,15,3,93,81,17,2,93,,1250,450,36,01/01/2021,12/31/2021
10C0001389,BGC HOLDINGS INC,4800 BELFORT RD,JACKSONVILLE,FL,32256,,(904) 265-4801,96,3,1,98,90,7,3,94,90,8,2,95,90,9,1,96,,1097,315,29,01/01/2021,12/31/2021
10C0001418,THE SURGERY CENTER AT JENSEN BEACH LLC,3995 NW GOLDENROD RD,JENSEN BEACH,FL,34957,,(772) 497-0020,97,3,0,98,88,9,3,93,88,10,2,95,85,14,1,94,,1186,448,38,01/01/2021,12/31/2021
10C0001428,SOUTH FLORIDA AMBULATORY SURGICAL CENTER LLC,6110 SOUTHWEST 70TH ST,SOUTH MIAMI,FL,33143,,(305) 662-3100,96,3,1,98,91,7,2,95,85,12,3,94,86,11,3,93,,1316,262,20,01/01/2021,12/31/2021
10C0001474,MURDOCK AMBULATORY SURGERY CENTER LLC,1400 EDUCATION WAY,PORT CHARLOTTE,FL,33948,,(941) 625-9800,98,2,0,99,90,8,2,94,95,4,1,97,91,8,1,96,,935,388,42,01/01/2021,12/31/2021
10C0001486,PARKCREEK SURGERY CENTER LLLP,6806 N. STATE RD. 7,COCONUT CREEK,FL,33073,,(954) 312-3507,,,,,,,,,,,,,,,,,4,,,,,
10C0001490,ANDREWS INSTITUTE AMBULATORY SURGERY CENTER,1040 GULF BREEZE PARKWAY SUITE 100,GULF BREEZE,FL,32561,,(850) 916-8623,97,3,0,99,93,6,1,96,93,6,1,97,95,5,0,98,,1183,218,18,01/01/2021,12/31/2021
10C0001505,LAKE ENDOSCOPY CENTER,17355 S.E. 109TH TERRACE RD,SUMMERFIELD,FL,34491,,(352) 245-0846,98,2,0,99,92,7,1,95,91,8,1,96,90,9,1,96,,913,425,47,01/01/2021,12/31/2021
10C0001512,TLC ASC LLC DBA TLC OUTPATIENT SURGERY AND LASER CENTER,201 WEST GUAVA ST,LADY LAKE,FL,32159,,(352) 391-5875,97,3,0,98,88,9,3,92,89,9,2,95,86,12,2,94,,961,417,43,01/01/2021,12/31/2021
10C0001521,RIVERWALK AMBULATORY SURGERY CENTER,200 3RD AVE WEST SUITE 170,BRADENTON,FL,34205,,(941) 220-6786,97,3,0,98,88,9,3,93,84,13,3,93,79,17,4,91,,1396,511,37,01/01/2021,12/31/2021
10C0001528,CORAL RIDGE OUTPATIENT CENTER LLC,5301 NORTH DIXIE HWY.,OAKLAND PARK,FL,33334,,(954) 832-3300,96,4,0,98,92,6,2,95,89,8,3,95,85,13,2,94,,1231,373,30,01/01/2021,12/31/2021
10C0001539,SURGERY CENTER OF PEMBROKE PINES LLC DBA BROWARD SPECIALTY SURGICAL CENTER,7261 SHERIDAN ST SUITE 100A,HOLLYWOOD,FL,33024,,(954) 322-4222,98,2,0,99,91,7,2,94,90,9,1,96,89,10,1,96,,1407,235,17,01/01/2021,12/31/2021
10C0001545,SURGICARE OF MIRAMAR LLC,14601 SOUTHWEST 29TH ST SUITE 301,MIRAMAR,FL,33027,,(954) 266-3807,99,1,0,99,95,4,1,97,95,4,1,97,90,8,2,96,,1490,325,22,01/01/2021,12/31/2021
10C0001549,TITUSVILLE CENTER FOR SURGICAL EXCELLENCE LLC,814 SOUTH WASHIGNTON AVE,TITUSVILLE,FL,32796,,(321) 567-6300,98,2,0,99,94,5,1,97,93,6,1,97,92,7,1,97,,928,436,47,01/01/2021,12/31/2021
10C0001559,SAFETY HARBOR SURGERY CENTER LLC,3280 MCMULLEN BOOTH RD. STE. 110,CLEARWATER,FL,33761,,(727) 787-3000,97,3,0,98,93,6,1,96,91,7,2,96,90,9,1,96,,1187,438,37,01/01/2021,12/31/2021
10C0001571,SURGERY CENTRE OF SW FLORIDA LLC,665 DEL PRADO BLVD S.,CAPE CORAL,FL,33990,,(239) 772-3636,98,2,0,99,91,8,1,95,89,9,2,95,86,11,3,94,,1308,491,38,01/01/2021,12/31/2021
10C0001576,THE OUTPATIENT CENTER OF DELRAY,4675 LINTON BLVD STE 101,DELRAY BEACH,FL,33445,,(561) 499-9585,95,4,1,97,92,7,1,95,86,10,4,94,83,14,3,93,,1005,321,32,01/01/2021,12/31/2021
10C0001577,ADVANCED SURGERY CENTER OF SARASOTA LLC,2621 CATTLEMEN RD SUITE 100,SARASOTA,FL,34232,,(941) 444-5510,,,,,,,,,,,,,,,,,4,,,,,
10C0001578,SURGCENTER NORTHEAST LLC,"2438 DR. MARTIN LUTHER KING JR. ST. N, STE. C",ST PETERSBURG,FL,33704,,(727) 565-0740,,,,,,,,,,,,,,,,,4,,,,,
10C0001586,MARION SURGERY CENTER LLC,2207 SW 1ST AVE,OCALA,FL,34471,,(352) 732-4020,,,,,,,,,,,,,,,,,4,,,,,
10C0001588,SURGCENTER OF PALM BEACH GARDENS LLC,900 VILLAGE SQUARE CROSSING SUITE 100,PALM BEACH GARDENS,FL,33410,,(561) 429-6880,,,,,,,,,,,,,,,,,4,,,,,
10C0001589,ADVANCED SURGERY CENTER OF TAMPA LLC,1881 W. KENNEDY BLVD,TAMPA,FL,33606,,(813) 693-5000,,,,,,,,,,,,,,,,,4,,,,,
10C0001596,SEASIDE SURGERY CENTER,1879 VETERANS PARK DR SUITE 1101,NAPLES,FL,34109,,(239) 592-4955,,,,,,,,,,,,,,,,,4,,,,,
10C0001660,HSS PALM BEACH AMBULATORY SURGERY CENTER,: 300 PALM BEACH LAKES BOULEVARD,WEST PALM BEACH,FL,33401,,(000) 000-0000,98,2,0,99,94,5,1,96,95,4,1,98,93,6,1,97,,858,348,41,01/01/2021,12/31/2021
11C0001049,RESURGENS SURGERY CENTER LLC,5671 PEACHTREE DUNWOODY RD SUITE 800,ATLANTA,GA,30342,,(404) 531-8532,98,2,0,99,95,4,1,97,95,4,1,97,92,6,2,96,,1220,353,29,01/01/2021,12/31/2021
11C0001056,THE ENDOSCOPY CENTER OF SOUTHEAST GEORGIA INC,200 MAPLE DR,VIDALIA,GA,30474,,(912) 538-1003,97,3,0,98,94,5,1,96,89,8,3,96,88,10,2,95,,839,156,19,01/01/2021,12/31/2021
11C0001085,NORTHWEST GEORGIA ORTHOPAEDIC SURGERY CENTER LLC,2550 WINDY HILL RD SOUTHEAST SUITE 218,MARIETTA,GA,30067,,(770) 953-8058,97,3,0,98,91,7,2,94,88,10,2,95,84,14,2,93,,1197,280,23,01/01/2021,12/31/2021
11C0001177,EAST WEST SURGERY CENTER LP,2041 MESA VALLEY WAY SUITE 125,AUSTELL,GA,30106,,(678) 309-8100,97,3,0,98,91,7,2,95,92,6,2,95,88,9,3,94,,1065,257,24,01/01/2021,12/31/2021
11C0001182,ROSWELL SURGERY CENTER LLC,1285 HEMBREE RD SUITE 200C,ROSWELL,GA,30076,,(770) 772-5520,99,1,0,99,92,7,1,96,94,6,0,97,91,9,0,97,,1269,377,30,01/01/2021,12/31/2021
11C0001192,LAWRENCEVILLE SURGERY CENTER LLC,758 OLD NORCROSS RD SUITE 125,LAWRENCEVILLE,GA,30046,,(678) 987-0820,98,2,0,99,90,8,2,94,93,6,1,96,86,12,2,94,,1224,330,27,01/01/2021,12/31/2021
11C0001234,ORTHOPAEDIC SOUTH SURGICAL CENTER,6645 LAKE DR,MORROW,GA,30260,,(678) 422-4230,97,3,0,98,93,5,2,95,93,4,3,96,90,7,3,95,,1567,368,23,01/01/2021,12/31/2021
11C0001258,THOMAS EYE SURGERY CENTER LLC,5995 BARFIELD RD,SANDY SPRINGS,GA,30328,,(678) 781-7388,96,4,0,98,90,8,2,94,84,13,3,93,87,10,3,95,,1637,315,20,01/01/2021,12/31/2021
11C0001279,SURGICAL CENTER FOR UROLOGY LLC,290 COUNTRY CLUB DR SUITE 240,STOCKBRIDGE,GA,30281,,(678) 565-1806,97,2,1,98,90,8,2,94,89,8,3,95,90,7,3,95,,1567,287,19,01/01/2021,12/31/2021
11C0001368,NORTH COLUMBUS SURGERY CENTER LLC,7351 OLD MOON RD,COLUMBUS,GA,31909,,(706) 653-7000,,,,,,,,,,,,,,,,,4,,,,,
11C0001383,HUGHSTON SURGICAL CENTER LLC,6262 VETERANS PKWY UNIT. B,COLUMBUS,GA,31909,,(706) 494-3434,95,4,1,97,92,7,1,96,87,11,2,95,94,5,1,97,,1264,313,25,01/01/2021,12/31/2021
11C0001407,WHITE OAK SURGERY CENTER,1665 EAST HWY 34 SUITE 200,NEWMAN,GA,30265,,(770) 252-7557,98,2,0,99,93,5,2,96,94,4,2,97,94,4,2,97,,1197,238,20,01/01/2021,12/31/2021
11C0001460,RESURGENS EAST SURGERY CENTER LLC,3241 IRIS DR SUITE 100,COVINGTON,GA,30016,,(678) 712-7624,99,1,0,99,94,5,1,97,93,6,1,97,91,7,2,96,,951,222,23,01/01/2021,12/31/2021
11C0001472,RESURGENS FAYETTE SURGERY CENTER LLC,1336 HWY 54 WEST BUILDING 400 SUITE A,FAYETTEVILLE,GA,30214,,(678) 251-0200,99,1,0,99,92,7,1,95,96,3,1,97,91,8,1,97,,1525,430,28,01/01/2021,12/31/2021
12C0001012,KAISER PERMANENTE HONOLULU CLINIC ASC,1010 PENSACOLA ST,HONOLULU,HI,96814,,(808) 597-2611,99,1,0,99,92,6,2,95,90,8,2,95,87,12,1,95,,2369,900,38,01/01/2021,12/31/2021
12C0001100,KAISER WAILUKU CLINIC ASC,80 MAHALANI ST,WAILUKU,HI,96793,,(808) 243-6000,98,2,0,99,94,5,1,96,90,9,1,96,90,9,1,96,,1395,411,29,01/01/2021,12/31/2021
13C0001037,KOOTENAI OUTPATIENT SURGERY,707 WEST IRONWOOD DR,COEUR D ALENE,ID,83814,,(308) 625-6428,98,2,0,99,91,8,1,95,91,8,1,96,87,12,1,95,,1258,310,31,01/01/2021,12/31/2021
13C0001064,IDAHO PHYSICAL MEDICINE AND REHABILITATION PA,3551 EAST OVERLAND RD,MERIDIAN,ID,83642,,(208) 287-6558,98,2,0,99,92,7,1,96,91,7,2,95,89,9,2,96,,1056,305,29,01/01/2021,12/31/2021
14C0001007,HINSDALE SURGICAL CENTER,10 SALT CREEK LANE,HINSDALE,IL,60521,,(630) 706-7147,,,,,,,,,,,,,,,,,4,,,,,
14C0001030,RIVER NORTH SAME DAY SURGERY LLC,1 EAST ERIE ST SUITE 300,CHICAGO,IL,60611,,(312) 649-9706,97,2,1,98,91,8,1,95,85,12,3,94,82,15,3,93,,1449,294,20,01/01/2021,12/31/2021
14C0001041,NORTH SHORE SAME DAY SURGERY DBA NORTH SHORE SURGICAL CENTER,3427 WEST TOUHY AVE,LINCOLNWOOD,IL,60712,,(847) 324-7770,96,4,0,98,92,7,1,95,82,16,2,93,79,20,1,92,,1253,457,36,01/01/2021,12/31/2021
14C0001059,ROCKFORD GASTROENTEROLOGY ASSOCIATES LTD,401 ROXBURY RD,ROCKFORD,IL,61107,,(815) 484-7930,96,4,0,98,86,11,3,91,84,13,3,94,87,10,3,94,,1495,281,19,01/01/2021,12/31/2021
14C0001074,EFFINGHAM SURGICAL PARTNERS LLC,904 W. TEMPLE AVE.,EFFINGHAM,IL,62401,,(217) 342-1234,99,1,0,99,94,5,1,97,93,5,2,96,91,8,1,97,,1104,512,46,01/01/2021,12/31/2021
14C0001157,PHYSICIANS SURGERY CENTER AT GOOD SAMARITAN LLC,"2 GOOD SAMARITAN WAY, STE. 200",MOUNT VERNON,IL,62864,,(618) 899-5703,98,2,0,99,90,8,2,94,87,11,2,94,81,19,0,93,,1297,344,27,01/01/2021,12/31/2021
14C0001172,SILVER CROSS AMBULATORY SURGERY CENTER LLC DBA SILVER CROSS SURGERY CENTER,1003 PAWLAK PARKWAY,NEW LENOX,IL,60451,,(815) 717-1740,98,2,0,99,92,6,2,95,90,8,2,95,90,9,1,96,,1291,449,35,01/01/2021,12/31/2021
14C0001178,PALOS HEALTH SURGERY CENTER,15300 WEST AVE SUITE 260,ORLAND PARK,IL,60462,,(708) 981-3664,99,1,0,99,92,7,1,96,93,6,1,97,90,9,1,96,,1483,596,40,01/01/2021,12/31/2021
15C0001158,TERRE HAUTE SURGICAL CENTER LLC,227 EAST MCCALLISTER DR,TERRE HAUTE,IN,47802,,(812) 234-4315,98,1,1,99,90,8,2,94,90,7,3,95,88,9,3,95,,474,161,34,01/01/2021,12/31/2021
15C0001169,INDIANA SPECIALTY SURGERY CENTER LLC,1380 W ARCH HAVEN AVE,BLOOMINGTON,IN,47403,,(812) 330-1164,99,1,0,99,94,5,1,96,94,6,0,97,90,9,1,96,,927,333,36,01/01/2021,12/31/2021
15C0001174,METRO SPECIALTY SURGERY CENTER LLC,"200 MISSOURI AVE, STE. A",JEFFERSONVILLE,IN,47130,,(812) 920-0055,,,,,,,,,,,,,,,,,4,,,,,
15C0001182,CARMEL SPECIALTY SURGERY CENTER,11590 NORTH MERIDIAN ST SUITE 130,CARMEL,IN,46032,,(317) 660-0260,,,,,,,,,,,,,,,,,4,,,,,
15C0001184,MUNSTER SPECIALTY SURGERY CENTER,9200 CALUMET AVE SUITE S100,MUNSTER,IN,46321,,(219) 595-0789,,,,,,,,,,,,,,,,,4,,,,,
15C0001186,MIDWEST SPECIALTY SURGERY CENTER LLC,6920 GATWICK DR STE 100,INDIANAPOLIS,IN,46241,,(317) 821-0000,,,,,,,,,,,,,,,,,4,,,,,
15C0001188,NORTHWEST REGIONAL SURGERY CENTER LLC,"8900 BROADWAY, SUITE 100W",MERRILLVILLE,IN,46410,,(219) 576-6260,,,,,,,,,,,,,,,,,4,,,,,
15C0001190,ADVANCED REGIONAL SURGERY CENTER LLC,"360 MISSOURI AVE, 19A, SUITE 102",JEFFERSONVILLE,IN,47130,,(817) 722-1480,,,,,,,,,,,,,,,,,4,,,,,
15C0001202,GREAT LAKES SURGICAL SUITES LLC DBA GREAT LAKES SURGICAL SUITES,9200 CALUMET AVE SUITE N500,MUNSTER,IN,46321,,(219) 513-9955,,,,,,,,,,,,,,,,,4,,,,,
15C0001214,FRANCISCAN LAKESHORE ASC LLC,12800 MISSISSIPPI PARKWAY PARVILION C,CROWN POINT,IN,46307,,(000) 000-0000,,,,,,,,,,,,,,,,,4,,,,,
16C0001016,SURGERY CENTER CEDAR RAPIDS,1075 1ST AVE. SE,CEDAR RAPIDS,IA,52402,,(319) 558-4803,97,3,0,98,89,9,2,94,84,13,3,93,81,17,2,93,,4649,1391,30,01/01/2021,12/31/2021
16C0001034,MERCY SURGERY CENTER LLC,1195 BOYSON RD SUITE 3,HIAWATHA,IA,52233,,(319) 369-4764,96,3,1,98,91,7,2,95,87,9,4,93,88,10,2,95,,839,364,43,01/01/2021,12/31/2021
17C0001083,EPIC SURGERY CENTER,11261 NALL AVE SUITE 200,LEAWOOD,KS,66211,,(913) 671-3290,99,1,0,99,90,7,3,94,91,8,1,96,88,11,1,95,,988,387,39,01/01/2021,12/31/2021
19C0001010,EYE CARE SURGERY CENTER INC,10423 OLD HAMMOND HWY,BATON ROUGE,LA,70816,,(225) 932-0070,96,3,1,98,88,9,3,92,83,13,4,93,85,13,2,94,,1699,359,22,01/01/2021,12/31/2021
19C0001053,METAIRIE OPHTHALMOLOGY ASC LLC,3900 VETERANS BLVD. #100,METAIRIE,LA,70002,,(504) 455-1550,96,3,1,98,91,7,2,95,87,10,3,94,88,11,1,95,,1505,395,27,01/01/2021,12/31/2021
19C0001085,LAKE AMBULATORY SURGERY CTR,7145 PERKINS RD,BATON ROUGE,LA,70808,,(225) 408-5548,98,2,0,99,93,6,1,96,91,8,1,96,90,9,1,96,,2171,435,20,01/01/2021,12/31/2021
19C0001092,ADVANCED SURGICAL CONCEPTS LLC,9118 BLUEBONNET CENTRE BLVD,BATON ROUGE,LA,70809,,(225) 368-2330,98,2,0,99,89,9,2,94,87,12,1,95,82,14,4,92,,1187,348,29,01/01/2021,12/31/2021
19C0001109,CHRISTUS CABRINI SURGERY CENTER LLC,3436 MASONIC DR.,ALEXANDRIA,LA,71301,,(318) 427-6500,98,2,0,99,92,6,2,95,92,7,1,96,91,8,1,96,,1154,339,29,01/01/2021,12/31/2021
19C0001133,OIL CENTER SURGICAL PLAZA,1000 WEST PINHOOK,LAFAYETTE,LA,70503,,(337) 571-0600,98,2,0,99,95,4,1,97,91,7,2,96,90,7,3,95,,1026,377,37,01/01/2021,12/31/2021
20C0001012,INTERMED PA DBA GENERATIONS,84 MARGINAL WAY SUITE 1000,PORTLAND,ME,04101,,(207) 347-2898,98,2,0,99,93,6,1,96,93,5,2,96,91,7,2,96,,691,218,32,01/01/2021,12/31/2021
21C0001043,KAISER FOUNDATION HEALTH PLAN OF THE MID-ATLANTIC STATES INC.,10810 CONNECTICUT AVE,KENSINGTON,MD,20895,,(301) 816-7284,96,4,0,98,92,7,1,96,87,11,2,95,82,16,2,93,,2101,748,36,01/01/2021,12/31/2021
21C0001063,CLINICAL ASSOCIATION AMBULATORY SURGICAL CENTER,515 FAIRMOUNT AVE. STE 100,TOWSON,MD,21286,,(410) 494-1335,94,5,1,96,93,6,1,96,84,14,2,93,86,11,3,94,2,1401,124,9,01/01/2021,12/31/2021
21C0001466,UPPER BAY SURGERY CENTER LLC,360 EAST PULASKI HWY SUITE 2A,ELKTON,MD,21921,,(410) 620-3348,,,,,,,,,,,,,,,,,4,,,,,
21C0001476,SURGCENTER OF GLEN BURNIE LLC,308 HOSPITAL DR SUITE 102,GLEN BURNIE,MD,21061,,(410) 760-8100,,,,,,,,,,,,,,,,,4,,,,,
21C0001477,WESTMINSTER SURGERY CENTER,826 WASHINGTON RD STE 131,WESTMINSTER,MD,21157,,(410) 871-9440,,,,,,,,,,,,,,,,,4,,,,,
21C0001494,SURGCENTER OF SOUTHERN MARYLAND,9001 WOODYARD RD SUITE B,CLINTON,MD,20735,,(301) 868-4950,,,,,,,,,,,,,,,,,4,,,,,
21C0001508,PICCARD SURGERY CENTER LLC,1330 PICCARD DR STE 102,ROCKVILLE,MD,20850,,(301) 208-7350,,,,,,,,,,,,,,,,,4,,,,,
21C0001524,LEONARDTOWN SURGERY CENTER LLC,"40900 MERCHANTS LANE, SUITE 200",LEONARDTOWN,MD,20650,,(301) 690-2203,,,,,,,,,,,,,,,,,4,,,,,
21C0001539,GAITHERSBURG AMBULATORY SURGERY CENTER,655 WATKINS MILL RD,GAITHERSBURG,MD,20879,,(301) 816-6812,96,3,1,98,93,6,1,96,89,9,2,95,85,12,3,94,,2887,676,23,01/01/2021,12/31/2021
21C0001551,MONOCACY SURGERY CENTER LLC,4991 NEW DESIGN RD SUITE 103,FREDERICK,MD,21703,,(301) 363-5858,,,,,,,,,,,,,,,,,4,,,,,
21C0001556,KAISER FOUNDATION HEALTH PLAN OF THE MID-ATLANTIC STATES INC,1221 MERCANTILE LANE,LARGO,MD,20774,,(301) 618-5500,97,3,0,98,93,6,1,96,88,11,1,95,84,14,2,94,,3024,692,23,01/01/2021,12/31/2021
21C0001560,SOUTH BALTIMORE COUNTY ASC LBN KAISER FOUNDATION HEALTH PLAN OF THE MID-ATLANTIC STATES INC,1701 TWIN SPRINGS RD,HALETHORPE,MD,21227,,(301) 816-2424,97,3,0,98,90,8,2,94,84,14,2,94,81,17,2,93,,3052,664,22,01/01/2021,12/31/2021
21C0001568,POINT OF ROCKS SURGERY CENTER LLC,1901 LOCKHOUSE DR,POINT OF ROCKS,MD,21777,,(301) 874-2211,,,,,,,,,,,,,,,,,4,,,,,
21C0001583,GLEN ECHO SURGERY CENTER,5550 FRIENDSHIP BLVD SUITE 100,CHEVY CHASE,MD,20815,,(240) 534-2972,,,,,,,,,,,,,,,,,4,,,,,
21C0001590,DIALYSIS ACCESS SERVICES LLC,1666 SULPHUR SPRINGS RD,BALTIMORE,MD,21227,,(410) 536-5400,97,3,0,98,90,8,2,94,92,6,2,96,85,12,3,93,,615,107,17,01/01/2021,12/31/2021
21C0001594,DIALYSIS ACCESS SERVICES LLC,2405 YORK RD SUITE 100,TIMONIUM,MD,21093,,(410) 536-5400,100,0,0,100,94,6,0,98,95,5,0,98,90,7,3,95,3,452,64,14,01/01/2021,12/31/2021
22C0001011,ARC WORCESTER CENTER LP DBA WORCESTER SURGICAL CENTER,300 GROVE ST,WORCESTER,MA,01605,,(508) 754-0700,98,2,0,99,93,5,2,96,89,10,1,95,85,14,1,95,,989,356,36,01/01/2021,12/31/2021
22C0001023,CATARACT AND LASER CENTER WEST LLC,171 INTERSTATE DR,WEST SPRINGFIELD,MA,01089,,(413) 737-5500,,,,,,,,,,,,,,,,,4,,,,,
23C0001020,SURGICAL CARE CENTER OF MICHIGAN,750 EAST BELTLINE NE,GRAND RAPIDS,MI,49525,,(616) 588-6520,96,4,0,98,86,11,3,91,85,13,2,94,85,14,1,95,,1136,319,29,01/01/2021,12/31/2021
23C0001027,LAKE LANSING ASC PARTNERS LLC,1707 LAKE LANSING RD,LANSING,MI,48912,,(517) 708-3363,98,2,0,99,92,7,1,96,93,6,1,96,88,11,1,95,,1973,637,32,01/01/2021,12/31/2021
23C0001031,GENESIS SURGERY CENTER,3400 E JOLLY RD,LANSING,MI,48910,,(517) 272-1063,98,2,0,99,93,6,1,96,92,7,1,96,86,14,0,95,,1386,416,37,01/01/2021,12/31/2021
23C0001053,EAST PARIS SURGICAL CENTER LLC,1000 EAST PARIS AVE S.E.,GRAND RAPIDS,MI,49546,,(616) 464-3430,94,5,1,97,89,9,2,94,84,12,4,93,85,12,3,94,,1236,317,26,01/01/2021,12/31/2021
23C0001080,WALKER SURGICAL CENTER LLC,3300 WALKER VIEW DR.,WALKER,MI,49544,,(616) 588-6560,98,2,0,99,92,6,2,95,91,7,2,95,91,7,2,96,,1012,295,29,01/01/2021,12/31/2021
23C0001085,TOWNE CENTRE SURGERY CENTER LLC,4599 TOWN CENTER RD.,SAGINAW,MI,48604,,(989) 497-3096,96,4,0,98,86,11,3,91,87,10,3,95,88,10,2,95,,1241,295,24,01/01/2021,12/31/2021
23C0001109,CLARKSTON SURGERY CENTER,5701 BOW POINTE DR,CLARKSTON,MI,48346,,(248) 922-4800,98,2,0,99,90,8,2,94,89,10,1,95,86,12,2,94,,1439,504,35,01/01/2021,12/31/2021
23C0001114,SURGICAL INSTITUTE OF MONROE,1051 SOUTH TELEGRAPH RD,MONROE,MI,48161,,(734) 244-5383,99,1,0,99,90,8,2,94,88,10,2,95,83,16,1,94,2,797,291,37,01/01/2021,12/31/2021
23C0001139,HEALTH POINTE,15100 WHITTAKER WAY,GRAND HAVEN,MI,49417,,(616) 935-6329,97,3,0,98,93,6,1,96,88,9,3,95,84,15,1,94,,1264,374,30,01/01/2021,12/31/2021
24C0001010,WILLMAR SURGERY CENTER,1320 SOUTH FIRST ST,WILLMAR,MN,56201,,(320) 235-6506,98,2,0,99,93,6,1,96,90,8,2,95,85,14,1,94,,2288,784,34,01/01/2021,12/31/2021
24C0001060,CENTRACARE SURGERY CENTER LLC,1900 CENTRACARE CIR,ST CLOUD,MN,56303,,(320) 229-4964,99,1,0,99,93,6,1,96,91,8,1,96,87,12,1,95,,2592,805,31,01/01/2021,12/31/2021
25C0001028,SOUTHERN SURGERY CENTER,3688 VETERANS MEMORIAL DR SUITE 100,HATTIESBURG,MS,39401,,(601) 554-7533,97,3,0,98,93,6,1,96,92,7,1,97,96,4,0,99,,1069,312,29,01/01/2021,12/31/2021
25C0001046,COLUMBUS ORTHOPAEDIC OUTPATIENT CENTER,640 LEIGH DR,COLUMBUS,MS,39705,,(662) 328-7123,97,2,1,98,91,7,2,94,90,8,2,96,90,8,2,96,,1678,492,29,01/01/2021,12/31/2021
25C0001058,CENTER FOR DIGESTIVE HEALTH LLC,589 GARFIELD ST,TUPELO,MS,38801,,(662) 377-4173,98,1,1,99,91,8,1,95,90,9,1,95,87,12,1,95,,1574,345,22,01/01/2021,12/31/2021
26C0001021,CREEKWOOD SURGERY CENTER LP,211 NORTHEAST 54TH ST SUITE 100,KANSAS CITY,MO,64118,,(816) 988-2553,96,4,0,98,93,6,1,96,92,6,2,95,86,12,2,94,,1584,461,29,01/01/2021,12/31/2021
26C0001028,SAINT LUKES GI DIAGNOSTICS LLC,4321 WASHINGTON STE. 5600,KANSAS CITY,MO,64111,,(816) 416-8353,92,7,1,96,89,9,2,94,83,14,3,92,83,14,3,93,,1515,427,28,01/01/2021,12/31/2021
26C0001060,SOUTH COUNTY OUTPATIENT ENDOSCOPY SERVICES LP DBA SOUTH COUNTY OUTPATIENT ENDOSCOPY SERVICES,5139 MATTIS RD  SUITE 100,ST LOUIS,MO,63128,,(314) 729-9780,98,2,0,99,93,6,1,96,91,8,1,96,88,11,1,95,,1126,464,41,01/01/2021,12/31/2021
26C0001061,DES PERES SQUARE SURGERY CENTER,1050 OLD DES PERES RD. STE. 150,ST LOUIS,MO,63131,,(314) 569-2918,96,3,1,98,90,8,2,94,86,12,2,94,83,14,3,93,,1193,432,36,01/01/2021,12/31/2021
26C0001066,MIDWEST DIGESTIVE HEALTH CENTER LLC,3601 NORTHEAST RALPH POWELL RD,LEES SUMMIT,MO,64064,,(816) 251-1255,99,1,0,100,94,5,1,96,95,4,1,97,93,7,0,98,,1144,333,29,01/01/2021,12/31/2021
26C0001069,BRIARCLIFF AMBULATORY SURGERY CENTER LP DBA BRIARCLIFF SURGERY CENTER,4150 NORTH MULBERRY DR SUITE 100,KANSAS CITY,MO,64116,,(816) 214-4364,98,2,0,99,94,5,1,97,91,7,2,95,86,11,3,94,,860,235,27,01/01/2021,12/31/2021
26C0001080,MID RIVERS SURGERY CENTER,5401 VETERANS MEMOIRAL PARKWAY,ST PETERS,MO,63376,,(636) 441-0906,97,2,1,98,93,6,1,96,91,7,2,95,86,11,3,94,,876,251,29,01/01/2021,12/31/2021
26C0001082,CHESTERFIELD SURGERY CENTER,17050 BAXTER RD SUITE 110,CHESTERFIELD,MO,63005,,(636) 537-0122,97,3,0,98,91,7,2,95,91,7,2,96,86,12,2,94,,1069,346,32,01/01/2021,12/31/2021
26C0001087,ADVANCED AMBULATORY SURGICAL CARE LP,"10448 OLD OLIVE ST RD, SUITE 100",CREVE COEUR,MO,63141,,(314) 743-8091,98,2,0,99,92,6,2,95,89,10,1,95,86,12,2,94,,1118,283,25,01/01/2021,12/31/2021
26C0001088,SURGERY CENTER OF COLUMBIA LP,305 NORTH KEENE ST SUITE 107,COLUMBIA,MO,65201,,(573) 256-6272,98,2,0,99,92,7,1,95,92,6,2,96,88,9,3,95,,557,230,41,01/01/2021,12/31/2021
26C0001097,RIVERSIDE AMBULATORY SURGERY CENTER,100 VILLAGE SQUARE,HAZELWOOD,MO,63042,,(314) 373-8931,97,3,0,98,92,6,2,95,85,13,2,95,83,16,1,94,,1206,346,29,01/01/2021,12/31/2021
26C0001099,MANCHESTER AMBULATORY SURGERY CENTER LP DBA MANCHESTER SURGERY CENTER,1040 OLD DES PERES RD,DES PERES,MO,63131,,(314) 775-2264,98,2,0,99,93,5,2,95,88,9,3,94,80,18,2,92,,918,264,29,01/01/2021,12/31/2021
26C0001109,WEBSTER AMBULATORY SURGERY CENTER LP,520 S. ELM AVE.,WEBSTER GROVES,MO,63119,,(314) 962-3464,99,1,0,100,93,6,1,96,91,8,1,96,85,13,2,94,,1021,297,29,01/01/2021,12/31/2021
26C0001112,FRONTENAC AMBULATORY SURGERY AND SPINE CARE CENTER LP DBA FRONTENAC SURGERY AND SPINE CARE CENTER,10435 CLAYTON RD SUITE 110,FRONTENAC,MO,63131,,(314) 995-3990,98,2,0,99,91,7,2,94,90,9,1,95,88,11,1,95,,1224,347,28,01/01/2021,12/31/2021
26C0001116,GATEWAY ENDOSCOPY CENTER LP,12855 N. 40 DR. STE. 150,ST LOUIS,MO,63141,,(314) 336-1130,99,1,0,100,94,5,1,96,96,3,1,98,94,5,1,98,,1165,459,39,01/01/2021,12/31/2021
26C0001117,TWIN CITIES AMBULATORY SURGERY CENTER LP,1101 W. GANNON DR.,FESTUS,MO,63028,,(636) 931-5997,97,3,0,99,92,6,2,95,89,9,2,95,83,14,3,93,,874,331,38,01/01/2021,12/31/2021
26C0001138,OLD TESSON SURGERY CENTER,12639 OLD TESSON SUITE 130,ST. LOUIS,MO,63128,,(314) 748-4225,98,2,0,99,91,7,2,95,91,7,2,95,87,12,1,95,,946,389,41,01/01/2021,12/31/2021
26C0001148,EMERSON SURGERY CENTER LLC,"633 EMERSON RD, SUITE 140",ST LOUIS,MO,63141,,(314) 991-9922,98,1,1,99,92,7,1,95,92,6,2,96,88,10,2,95,,1430,468,33,01/01/2021,12/31/2021
26C0001157,NORTH CAMPUS SURGERY CENTER LLC,"633 EMERSON RD., SUITE 120",CREVE COEUR,MO,63141,,(314) 991-2090,99,1,0,99,93,6,1,96,91,9,0,97,91,8,1,96,,828,210,25,01/01/2021,12/31/2021
26C0001162,TOTAL JOINT CENTER OF THE NORTHLAND,200 NORTHEAST 54TH ST SUITE 200,KANSAS CITY,MO,64118,,(816) 499-8500,99,1,0,99,94,5,1,97,96,4,0,98,92,7,1,97,,372,192,52,01/01/2021,12/31/2021
26C0001167,ADVANCED SURGICAL CARE OF ST. LOUIS LLC,232 MAYFAIR PLAZA SHOPPING CENTER,FLORISSANT,MO,63033,,(314) 736-4344,,,,,,,,,,,,,,,,,4,,,,,
27C0001020,YELLOWSTONE SURGERY CENTER LLC,1144 N. 28TH ST.,BILLINGS,MT,59101,,(406) 237-5900,96,3,1,98,89,9,2,93,88,11,1,95,88,10,2,95,,1644,401,24,01/01/2021,12/31/2021
27C0001029,WEST BOZEMAN SURGERY CENTER LLC DBA BOZEMAN OUTPATIENT SURGERY CENTER,875 SOUTH COTTONWOOD ROAD SUITE 100,BOZEMAN,MT,59718,,(000) 000-0000,,,,,,,,,,,,,,,,,4,,,,,
28C0001032,NORTH PLATTE SURGERY CENTER LLC,621 WEST FRANCIS ST,NORTH PLATTE,NE,69101,,(308) 534-5400,98,2,0,99,91,8,1,95,87,11,2,94,86,12,2,94,,1673,505,30,01/01/2021,12/31/2021
29C0001036,PARKWAY SURGERY CENTER,100 NORTH GREEN VALLEY PARKWAY SUITE 125,HENDERSON,NV,89074,,(702) 616-4950,97,3,0,98,90,8,2,94,87,11,2,95,86,12,2,95,,1491,311,21,01/01/2021,12/31/2021
29C0001073,DURANGO OUTPATIENT SURGERY CENTER,8530 WEST SUNSET RD SUITE 100,LAS VEGAS,NV,89113,,(702) 789-5700,98,2,0,99,90,8,2,94,89,10,1,96,89,10,1,96,,1430,264,18,01/01/2021,12/31/2021
29C0001102,PARKWAY SURGERY CENTER DBA PARKWAY SURGERY CENTER AT HORIZON RIDGE,10561 JEFFREYS ST SUITE 130,HENDERSON,NV,89052,,(702) 724-8900,97,3,0,98,92,6,2,95,90,9,1,95,86,13,1,95,,2255,468,21,01/01/2021,12/31/2021
30C0001014,DARTMOUTH-HITCHCOCK AMBULATORY SURGERY CENTER,100 HITCHCOCK WAY,MANCHESTER,NH,03104,,(603) 629-8127,99,1,0,99,93,6,1,96,94,5,1,97,92,6,2,96,,1713,468,27,01/01/2021,12/31/2021
30C0001031,DARTMOUTH HITCHCOCK NASHUA ENDOSCOPY CENTER,2300 SOUTHWOOD DR,NASHUA,NH,03063,,(603) 629-8127,99,1,0,99,93,5,2,96,93,6,1,96,91,8,1,97,,1390,366,26,01/01/2021,12/31/2021
30C0001042,NORTH ATLANTIC SURGICAL SUITES LLC,23 KEEWAYDIN DR SUITE 100,SALEM,NH,03079,,(603) 386-0272,,,,,,,,,,,,,,,,,4,,,,,
30C0001044,ATLANTIC COAST SURGICAL SUITES LLC,325-2 LAFAYETTE RD,SEABROOK,NH,03874,,(603) 218-1793,,,,,,,,,,,,,,,,,4,,,,,
31C0001035,BERGEN GASTROENTEROLOGY PC,"466 OLD HOOK RD, SUITE 1",EMERSON,NJ,07630,,(201) 967-8221,97,3,0,98,91,7,2,94,85,14,1,94,81,17,2,93,,1632,417,26,01/01/2021,12/31/2021
31C0001099,SHORE OUTPATIENT SURGICENTER LLC,360 ROUTE 70,LAKEWOOD,NJ,08201,,(732) 942-9835,97,3,0,98,92,6,2,95,91,7,2,96,84,14,2,94,,1074,357,33,01/01/2021,12/31/2021
31C0001118,CENTRAL JERSEY SURGERY CENTER LLC,97 CORBETT WAY,EATONTOWN,NJ,07724,,(732) 460-2777,98,2,0,99,91,7,2,95,90,9,1,96,87,12,1,95,,959,372,39,01/01/2021,12/31/2021
31C0001126,SHREWSBURY SURGERY CENTER,655 SHREWSBURY AVE,SHREWSBURY,NJ,07702,,(732) 450-6000,99,1,0,99,91,7,2,95,95,5,0,97,93,7,0,98,,948,258,27,01/01/2021,12/31/2021
31C0001147,SAME DAY SURGERY CENTER OF CENTRAL JERSEY LLC,225 MAY ST. UNIT C,EDISON,NJ,08837,,(732) 661-0570,97,3,0,99,91,7,2,95,88,10,2,95,83,16,1,94,,1765,417,24,01/01/2021,12/31/2021
31C0001150,ORTHOPAEDIC SURGERY CENTER OF NORTHWEST JERSEY LLC,3130 ROUTE 10 WEST STE. 200,DENVILLE,NJ,07834,,(973) 328-3475,96,4,0,98,89,8,3,93,87,11,2,94,84,14,2,94,,1395,414,30,01/01/2021,12/31/2021
31C0001152,HACKENSACK ENDOSCOPY CENTER,170 PROSPECTIVE AVE. STE 10,HACKENSACK,NJ,07601,,(201) 498-0030,98,2,0,99,88,8,4,92,93,5,2,96,90,8,2,96,,1015,279,27,01/01/2021,12/31/2021
31C0001153,TOMS RIVER SURGERY CENTER,1430 HOOPER AVE SUITE 301,TOMS RIVER,NJ,08753,,(732) 240-2277,98,2,0,99,92,7,1,95,92,7,1,97,91,8,1,97,,1100,382,35,01/01/2021,12/31/2021
31C0001160,HAMILTON ENDOSCOPY AND SURGERY CENTER LLC,"1235 WHITE HORSE MERCERVILLE RD, SUITE 310",HAMILTON,NJ,08619,,(609) 581-6610,97,3,0,98,88,9,3,93,89,9,2,95,87,12,1,95,,1494,478,32,01/01/2021,12/31/2021
31C0001162,SUBURBAN ENDOSCOPY CENTER LLC,799 BLOOMFIELD AVE.,VERONA,NJ,07044,,(973) 571-1600,98,2,0,99,90,7,3,94,90,8,2,96,89,8,3,95,,1126,287,25,01/01/2021,12/31/2021
31C0001193,LAKEWOOD SURGERY CENTER LLC,1215 ROUTE 70 SUITE 2000,LAKEWOOD,NJ,08701,,(732) 719-1800,98,2,0,99,93,5,2,96,92,6,2,96,88,9,3,95,,976,251,26,01/01/2021,12/31/2021
31C0001197,METROPOLITAN NEW JERSEY LLC DBA METROPOLITAN SURGERY CENTER,433 HACKENSACK AVE,HACKENSACK,NJ,07601,,(201) 527-6800,97,3,0,98,89,9,2,93,87,12,1,95,85,14,1,95,,1432,335,23,01/01/2021,12/31/2021
31C0001199,CENTER FOR BONE AND JOINT SURGERY DBA NORTHERN MONMOUTH REGIONAL SURGERY CENTER LLC,195 ROUTE 9 SOUTH SUITE 210,MANALAPAN,NJ,07726,,(732) 921-2305,98,2,0,99,92,6,2,95,93,6,1,96,87,12,1,95,,921,282,31,01/01/2021,12/31/2021
31C0001205,PARAMUS ENDOSCOPY LLC DBA ENDOSCOPY CENTER OF BERGEN COUNTY,80 EISENHOWER DR SUITE 100,PARAMUS,NJ,07652,,(201) 336-1100,96,3,1,98,86,10,4,91,90,7,3,95,87,11,2,94,,1376,322,23,01/01/2021,12/31/2021
31C0001216,SOMERSET AMBULATORY SURGICAL CENTER,1 HWY 206 N,SOMERVILLE,NJ,08876,,(908) 393-8360,99,1,0,99,93,5,2,96,90,9,1,96,89,10,1,96,,1051,332,32,01/01/2021,12/31/2021
31C0001218,MILLENNIUM SURGICAL CENTER LLC,"2090 SPRINGDALE RD., SUITE A",CHERRY HILL,NJ,08003,,(856) 751-4555,98,2,0,99,94,5,1,96,90,8,2,96,86,13,1,95,,1397,269,19,01/01/2021,12/31/2021
31C0001253,KHS AMBULATORY SURGICAL CENTER,405 HURFFVILLE-CROSSKEYS RD SUITE 210,SEWELL,NJ,08080,,(856) 582-2072,98,2,0,99,93,6,1,96,88,10,2,95,89,10,1,96,,1125,428,38,01/01/2021,12/31/2021
31C0001261,COASTAL ENDO LLC,175 GUNNING RIVER RD,BARNEGAT,NJ,08005,,(609) 698-0700,98,2,0,99,94,5,1,97,93,6,1,96,90,9,1,96,,2467,826,33,01/01/2021,12/31/2021
31C0001269,SURGICAL SPECIALISTS AT PRINCETON LLC,136 MAIN ST. STE. 100,PRINCETON,NJ,08540,,(609) 853-2261,97,2,1,98,91,7,2,95,87,11,2,95,84,14,2,93,,1900,562,30,01/01/2021,12/31/2021
31C0001305,VANGUARD SURGICAL CENTER LLC,113 ESSEX ST.,MAYWOOD,NJ,07607,,(201) 291-9100,98,2,0,99,94,5,1,97,94,5,1,97,91,8,1,96,,1678,527,31,01/01/2021,12/31/2021
31C0001316,JACKSON SURGICAL CENTER LLC,27 SOUTH COOKS BRIDGE RD SUITE L2,JACKSON,NJ,08527,,(732) 961-5737,,,,,,,,,,,,,,,,,4,,,,,
32C0001107,NEW MEXICO ORTHOPAEDIC SURGERY CENTER LP DBA NEW MEXICO ORTHOPAEDIC SURGERY CENTER,201 CEDAR ST SOUTHEAST SUITE 7650,ALBUQUERQUE,NM,87106,,(505) 724-4394,97,3,0,98,88,10,2,93,87,11,2,95,83,16,1,94,,1721,461,27,01/01/2021,12/31/2021
32C0001119,DAVITA MEDICAL GROUP,5400 GIBSON BLVD. SE,ALBUQUERQUE,NM,87109,,(505) 262-7126,,,,,,,,,,,,,,,,,4,,,,,
34C0001103,HIGH POINT SURGERY CENTER LLC,600 NORTH LINDSAY ST,HIGH POINT,NC,27262,,(336) 878-6428,,,,,,,,,,,,,,,,,4,,,,,
34C0001151,CAROLINA HEALTHCARE ASSOCIATES INC,1415 MEDICAL CTR DR,WILMINGTON,NC,28401,,(910) 362-4201,95,4,1,97,89,9,2,94,85,13,2,94,87,11,2,95,,2102,453,22,01/01/2021,12/31/2021
34C0001159,PRIVATE DIAGNOSTIC CLINIC PLLC,"BRIER CREEK MEDICAL PAVILLION, 10207 CERNY ST., ST",RALEIGH,NC,27617,,(919) 660-0620,96,4,0,98,90,8,2,94,90,7,3,95,90,7,3,96,,866,178,21,01/01/2021,12/31/2021
34C0001165,WAKE ENDOSCOPY CENTER LLC,2601 LAKE DR. S 201,RALEIGH,NC,27607,,(919) 341-3529,95,4,1,97,92,7,1,96,87,12,1,95,91,7,2,96,,3279,348,11,01/01/2021,12/31/2021
34C0001172,WAKE FOREST OUTPATIENT ENDOSCOPY CENTER,101 CHARLOIS BLVD SUITE 100,WINSTON SALEM,NC,27103,,(336) 713-0384,,,,,,,,,,,,,,,,,4,,,,,
34C0001174,REX SURGERY CENTER OF CARY LLC,1505 SOUTHWEST CARY PARKWAY SUITE 100,CARY,NC,27511,,(804) 814-9753,98,2,0,99,90,8,2,94,90,9,1,95,89,10,1,95,,1935,400,21,01/01/2021,12/31/2021
34C0001196,PREMIER SURGERY CENTER LLC,4515 PREMIER DRIVE,HIGH POINT,NC,27265,,(000) 000-0000,,,,,,,,,,,,,,,,,4,,,,,
35C0001004,TRINITY HEALTH,1102 MAIN ST,WILLISTON,ND,58801,,(701) 572-7711,98,2,0,99,92,7,1,96,90,9,1,95,86,13,1,95,,487,187,38,01/01/2021,12/31/2021
36C0001051,OSU INTERNAL MEDICINE LLC,"3900 STONERIDGE LANE, SUITE D",DUBLIN,OH,43017,,(614) 366-5001,96,3,1,98,92,6,2,95,85,11,4,93,85,12,3,93,,1693,431,25,01/01/2021,12/31/2021
36C0001097,REYNOLDS ROAD SURGICAL CENTER LTD DBA WILDWOOD SURGICAL CENTER,"2865 NORTH REYNOLDS RD, SUITE 190",TOLEDO,OH,43615,,(419) 578-7547,98,2,0,99,94,5,1,97,92,7,1,96,92,7,1,97,,1520,539,35,01/01/2021,12/31/2021
36C0001155,NEW HORIZONS SURGERY CENTER LLC,1167 INDEPENDENCE AVE.,MARION,OH,43302,,(740) 375-5854,98,2,0,99,92,7,1,96,94,5,1,96,90,9,1,96,,1298,445,34,01/01/2021,12/31/2021
36C0001222,THE CHRIST HOSPITAL SPINE SURGERY CENTER LLC,4020 SMITH RD,NORWOOD,OH,45209,,(513) 619-5899,99,1,0,99,95,4,1,97,93,6,1,97,93,7,0,98,,1123,457,41,01/01/2021,12/31/2021
36C0001294,NORTHPOINTE SURGICAL SUITES LLC,3250 NORTHPOINTE DR,ZANESVILLE,OH,43701,,(740) 487-1823,,,,,,,,,,,,,,,,,4,,,,,
36C0001301,LANCASTER SPECIALTY SURGERY CENTER,3056 COLUMBUS LANCASTER ROAD NW,LANCASTER,OH,43130,,(740) 974-2731,,,,,,,,,,,,,,,,,4,,,,,
36C0001306,TRIHEALTH SURGERY CENTER -- ANDERSON,7810 FIVE MILE ROAD SUITE B,CINCINNATI,OH,45230,,(000) 000-0000,99,1,0,99,94,5,1,97,92,7,1,96,88,10,2,95,3,334,94,28,01/01/2021,12/31/2021
36C0001326,WHEELING HOSPITAL AMBULATORY SURGERY CENTER LLC,68 STATE ROUTE 7,BRIDGEPORT,OH,43912,,(740) 676-6600,98,2,0,99,93,6,1,96,91,8,1,96,95,5,0,99,,2156,283,13,01/01/2021,12/31/2021
36C0001327,THREE GABLES SURGERY CENTER,5897 COUNTY ROAD 107,PROCTORVILLE,OH,45669,,(000) 000-0000,96,3,1,98,91,7,2,94,90,8,2,95,93,6,1,97,,1211,330,27,01/01/2021,12/31/2021
37C0001032,MCGEE EYE SURGERY CENTER LLC,1000 N. LINCOLN BLVD. #150,OKLAHOMA CITY,OK,73104,,(405) 232-8696,93,6,1,96,88,9,3,93,88,9,3,95,88,11,1,95,2,2139,634,30,01/01/2021,12/31/2021
37C0001055,USPI MEMORIAL SURGERY CENTER,8131 SOUTH MEMORIAL DR SUITE 107,TULSA,OK,74133,,(918) 249-7921,95,4,1,97,85,12,3,91,83,13,4,93,81,16,3,93,,1036,316,31,01/01/2021,12/31/2021
38C0001030,INTERSTATE AMBULATORY SURGERY CENTER,3500 N INTERSTATE AVE.,PORTLAND,OR,97227,,(971) 310-3089,97,3,0,99,94,5,1,96,88,11,1,95,85,14,1,94,,2494,913,37,01/01/2021,12/31/2021
38C0001032,SKYLINE AMBULATORY SURGERY CENTER,5125 SKYLINE RD. SOUTH,SALEM,OR,97306,,(971) 310-3082,97,3,0,99,91,7,2,95,89,10,1,95,88,11,1,95,,2624,774,30,01/01/2021,12/31/2021
38C0001046,NGC ENDOSCOPY SERVICES LLC,1130 NORTHWEST 22ND AVE  6TH FLOOR  SUITE 615,PORTLAND,OR,97210,,(503) 229-7137,96,4,0,98,90,9,1,94,86,13,1,94,87,11,2,95,,1085,340,31,01/01/2021,12/31/2021
38C0001054,CASCADE SPINE CENTER LLC,6464 SOUTHWEST BORLAND RD SUITE A1,TUALATIN,OR,97062,,(971) 404-3366,96,3,1,98,91,7,2,95,85,11,4,93,80,17,3,92,,984,331,34,01/01/2021,12/31/2021
38C0001056,CENTER FOR SPECIALTY SURGERY LLC,11782 SW BARNES RD. #200,PORTLAND,OR,97225,,(503) 906-4306,99,1,0,99,91,7,2,95,89,10,1,95,86,12,2,94,,1027,267,26,01/01/2021,12/31/2021
38C0001067,NORTHWEST AMBULATORY SURGERY CENTER LLC,1515 NORTHWEST 18TH AVE SUITE 200,PORTLAND,OR,97209,,(503) 542-4873,98,2,0,99,91,7,2,95,93,6,1,96,90,8,2,96,,1030,315,31,01/01/2021,12/31/2021
38C0001074,EAST PORTLAND SURGERY CENTER LLC,9200 SOUTHEAST 91ST AVE SUITE 100,PORTLAND,OR,97086,,(503) 772-6160,97,3,0,98,87,9,4,92,85,14,1,94,85,13,2,94,,1070,307,29,01/01/2021,12/31/2021
38C0001085,KAISER PERMANENTE SUNNYBROOK SURGERY CENTER,9900 SE SUNNYSIDE RD.,CLACKAMAS,OR,97015,,(503) 571-4047,97,3,0,98,90,9,1,94,87,11,2,94,85,13,2,94,,4543,1186,26,01/01/2021,12/31/2021
39C0001017,SOUTHWESTERN AMBULATORY SURGERY CENTER LLC,"500 LEWIS RUN RD, STE.202",WEST MIFFLIN,PA,15122,,(412) 469-6964,97,2,1,98,88,9,3,92,84,13,3,93,80,18,2,92,,1150,498,43,01/01/2021,12/31/2021
39C0001123,BERKSHIRE EYE SURGERY CENTER LP,2220 RIDGEWOOD RD.,WYOMISSING,PA,19610,,(610) 736-0144,96,3,1,98,92,7,1,95,90,8,2,96,89,10,1,96,,812,386,48,01/01/2021,12/31/2021
39C0001152,THE ENDOSCOPY CENTER LLC,815 SUMNEYTOWN PIKE,LANSDALE,PA,19446,,(215) 453-3050,,,,,,,,,,,,,,,,,4,,,,,
39C0001168,HERSHEY OUTPATIENT SURGERY CENTER LP,15 HOPE DR,HERSHEY,PA,17033,,(717) 520-8200,94,5,1,96,90,9,1,94,81,17,2,93,82,16,2,93,,1177,333,28,01/01/2021,12/31/2021
39C0001176,THE READING HOSPITAL SURGICENTER AT SPRING RIDGE LLC,2603 KEISER BLVD,WYOMISSING,PA,19610,,(484) 628-3079,99,1,0,99,94,5,1,97,94,5,1,97,92,6,2,96,,1677,376,22,01/01/2021,12/31/2021
39C0001198,MAIN LINE SPINE SURGERY CENTER INC,700 S. HENDERSON RD. #335,KING OF PRUSSIA,PA,19406,,(610) 337-2828,,,,,,,,,,,,,,,,,4,,,,,
39C0001226,GAMMA SURGERY CENTER,107 GAMMA DR SUITE 200,PITTSBURGH,PA,15238,,(412) 963-7917,97,3,0,99,91,8,1,95,90,8,2,95,87,11,2,95,,1132,555,49,01/01/2021,12/31/2021
39C0001239,HAZLETON SURGERY CENTER LLC,50 MOISEY DR. STE. 100,HAZLETON,PA,18202,,(570) 501-6500,99,1,0,99,93,6,1,96,92,7,1,96,87,11,2,94,,1477,463,31,01/01/2021,12/31/2021
39C0001308,MONROEVILLE AMBULATORY SURGERY CENTER LLC,4121 MONROEVILLE BLVD,MONROEVILLE,PA,15146,,(412) 380-5624,99,1,0,99,94,5,1,97,92,6,2,96,91,8,1,97,,1415,480,34,01/01/2021,12/31/2021
39C0001314,ALLEGHENEY CLINIC DBA WEXFORD SURGERY CENTER,12311 PERRY HWY,WEXFORD,PA,15090,,(412) 380-5624,98,2,0,99,93,6,1,96,93,6,1,97,92,7,1,97,,2914,914,31,01/01/2021,12/31/2021
39C0001319,BETHEL PARK SURGERY CENTER,990 HIGBEE DR,BETHEL PARK,PA,15102,,(412) 330-6209,99,1,0,99,95,4,1,97,95,4,1,97,94,5,1,97,,1314,434,33,01/01/2021,12/31/2021
39C0001334,ALLEGHENY CLINIC DBA AHN WESTMORELAND ENDOSCOPY CENTER,118 NATURE PARK RD SUITE 200,GREENSBURG,PA,15601,,(412) 330-5883,99,1,0,99,96,4,0,98,95,4,1,98,95,4,1,98,,1595,630,39,01/01/2021,12/31/2021
39C0001343,GRAND VIEW SURGERY CENTER AT HALEYSVILLE,270 MAIN ST SUITE 100,HARLEYSVILLE,PA,19438,,(267) 429-2550,98,2,0,99,90,8,2,94,90,8,2,95,86,13,1,95,,1522,605,40,01/01/2021,12/31/2021
42C0001004,ANMED HEALTH MEDICUS SURGERY CENTER LLC,107 PROFESSIONAL CT,ANDERSON,SC,29621,,(864) 716-7953,98,2,0,99,92,7,1,96,90,8,2,95,89,9,2,95,,1465,548,37,01/01/2021,12/31/2021
42C0001017,CAROLINA SURGICAL CENTER,198 WOUTH HEDLONG AVE,ROCK HILL,SC,29732,,(803) 327-4664,98,1,1,99,92,7,1,95,90,9,1,96,89,9,2,95,,959,311,32,01/01/2021,12/31/2021
42C0001019,THE GREENWOOD ENDOSCOPY CENTER INC,103 LINER DR.,GREENWOOD,SC,29646,,(864) 227-3838,97,3,0,99,93,6,1,96,94,5,1,97,91,7,2,96,,1210,337,28,01/01/2021,12/31/2021
42C0001049,BLUFFTON OKATIE SURGERY CENTER LLC,"40 OKATIE CENTER BLVD S., STE. 125",OKATIE,SC,29909,,(843) 705-8870,97,3,0,98,90,8,2,94,88,10,2,95,88,10,2,95,,945,416,44,01/01/2021,12/31/2021
42C0001078,THE SOUTHEASTERN SPINE INSTITUTE AMBULATORY SURGERY CENTER LLC,1106 CHUCK DAWLEY BLVD,MOUNT PLEASANT,SC,29464,,(469) 893-6573,98,1,1,98,90,8,2,94,91,9,0,97,90,9,1,96,,801,277,35,01/01/2021,12/31/2021
44C0001000,PHYSICIAN'S SURGERY CENTER OF KNOXVILLE LLC,1819 CLINCH AVE SUITE 206,KNOXVILLE,TN,37916,,(865) 522-2949,98,2,0,99,93,6,1,96,91,8,1,96,93,7,0,98,,1202,293,24,01/01/2021,12/31/2021
44C0001001,EYE SURGERY CENTER OF NASHVILLE LLC,310 25TH AVE NORTH SUITE 105,NASHVILLE,TN,37203,,(615) 329-9023,98,2,0,99,90,8,2,94,89,8,3,95,88,10,2,95,,1188,486,41,01/01/2021,12/31/2021
44C0001004,MEMPHIS SURGERY CENTER,1044 CREST HAVEN RD,MEMPHIS,TN,38119,,(901) 682-1516,96,3,1,98,90,7,3,94,85,13,2,94,89,9,2,95,,1918,319,17,01/01/2021,12/31/2021
44C0001008,NORTHRIDGE SURGERY CENTER,647 MYATT DR,MADISON,TN,37115,,(615) 868-8942,97,3,0,98,91,7,2,95,88,10,2,95,87,11,2,95,,1086,398,37,01/01/2021,12/31/2021
44C0001023,DIGESTIVE DISEASE ENDOSCOPY CENTER INC,"222 22ND AVE NORTH, SUITE 300",NASHVILLE,TN,37203,,(615) 340-4629,96,4,0,98,91,8,1,95,85,13,2,94,86,12,2,94,,7264,517,7,01/01/2021,12/31/2021
44C0001025,NASHVILLE ENDOSURGERY CENTER,300 20TH AVE NORTH #800,NASHVILLE,TN,37203,,(615) 284-1335,97,3,0,98,94,5,1,96,90,8,2,95,88,10,2,95,,1488,313,21,01/01/2021,12/31/2021
44C0001073,BAPTIST SURGERY CENTER DBA BAPTIST AMBULATORY SURGERY CENTER,312 21ST AVE NORTH,NASHVILLE,TN,37203,,(615) 321-7330,99,1,0,99,92,7,1,96,87,12,1,95,86,13,1,95,,1410,365,26,01/01/2021,12/31/2021
44C0001087,CLARKSVILLE SURGERY CENTER LLC,793 WEATHERLY DR,CLARKSVILLE,TN,37043,,(931) 645-1373,98,2,0,99,93,5,2,96,90,8,2,96,92,7,1,97,,991,305,31,01/01/2021,12/31/2021
44C0001088,MIDDLE TENNESSEE AMBULATORY SURGERY CENTER,1800 MEDICAL CENTER PARKWAY SUITE 120,MURFREESBORO,TN,37129,,(615) 849-7500,98,2,0,99,92,7,1,95,91,7,2,96,91,7,2,96,,1364,336,25,01/01/2021,12/31/2021
44C0001097,MOUNTAIN EMPIRE SURGERY CENTER,601 MED TECH PARKWAY,JOHNSON CITY,TN,37604,,(423) 610-1020,96,4,0,98,90,8,2,94,90,9,1,96,90,9,1,96,,1003,301,30,01/01/2021,12/31/2021
44C0001112,PARKWEST SURGERY CENTER,9430 PARKWEST BLVD SUITE 210,KNOXVILLE,TN,37923,,(865) 531-0494,97,3,0,98,92,6,2,95,89,10,1,96,87,11,2,95,,1008,305,30,01/01/2021,12/31/2021
44C0001119,SAINT THOMAS CAMPUS SURGICARE LP,4230 HARDING RD SUITE 300,NASHVILLE,TN,37205,,(615) 783-1260,97,3,0,98,91,7,2,95,89,10,1,95,86,13,1,95,,1199,394,33,01/01/2021,12/31/2021
44C0001124,AMBULATORY SURGICAL ASSOCIATES LLC,"725 KINGS LN,",TULLAHOMA,TN,37388,,(931) 455-1976,98,2,0,99,93,6,1,96,91,8,1,96,90,9,1,96,,1035,362,35,01/01/2021,12/31/2021
44C0001133,BAPTIST PLAZA SURGICARE LP,2004 HAYES ST,NASHVILLE,TN,37203,,(615) 515-4000,96,3,1,97,92,7,1,96,89,9,2,95,88,10,2,95,,1123,245,22,01/01/2021,12/31/2021
44C0001137,UPPER CUMBERLAND PHYSICIANS SURGERY CENTER LLC,467 N. WHITNEY AV.,COOKEVILLE,TN,38501,,(931) 528-5007,,,,,,,,,,,,,,,,,4,,,,,
44C0001140,SAINT FRANCIS SURGERY CENTER,5999 PARK AVE,MEMPHIS,TN,38119,,(901) 818-1080,98,2,0,99,92,6,2,95,90,9,1,96,84,14,2,94,,1034,277,27,01/01/2021,12/31/2021
44C0001159,HOLSTON VALLEY AMBULATORY SURGERY CENTER LLC,103 WEST STONE DR,KINGSPORT,TN,37660,,(423) 224-4910,98,2,0,99,92,6,2,95,92,8,0,96,91,8,1,97,,839,226,27,01/01/2021,12/31/2021
44C0001160,PATIENT PARTNERS LLC,890 NORTH BLUE JAY WAY,GALLATIN,TN,37066,,(615) 575-9000,97,3,0,98,92,6,2,95,88,10,2,95,88,11,1,95,,1161,317,27,01/01/2021,12/31/2021
44C0001161,FRANKLIN ENDOSCOPY CENTER LLC,9160 CAROTHERS PARKWAY SUITE 100,FRANKLIN,TN,37067,,(615) 550-6066,98,2,0,99,92,7,1,96,90,9,1,95,88,11,1,95,,1249,373,30,01/01/2021,12/31/2021
44C0001166,LEBANON ENDOSCOPY CENTER LLC DBA LEBANON ENDOSCOPY CENTER,100 PHYSICIANS WAY SUITE 340,LEBANON,TN,37090,,(615) 466-9532,99,1,0,99,94,5,1,97,94,5,1,97,94,4,2,97,,1201,339,28,01/01/2021,12/31/2021
44C0001169,PROVIDENCE SURGERY CENTER,5002 CROSSINGS CIR SUITE 110,MOUNT JULIET,TN,37122,,(615) 553-9100,99,1,0,99,94,5,1,96,94,6,0,97,91,8,1,96,,1457,399,27,01/01/2021,12/31/2021
44C0001181,PCET SURGERY CENTER,1128 EAST WEISGARBER RD SUITE 110,KNOXVILLE,TN,37909,,(865) 934-2577,,,,,,,,,,,,,,,,,4,,,,,
45C0001018,CONROE SURGERY CENTER 2 LLC,"1501 RIVER POINTE DR, #200",CONROE,TX,77304,,(469) 893-6573,97,3,0,98,92,7,1,95,87,11,2,94,86,12,2,94,,1047,326,31,01/01/2021,12/31/2021
45C0001021,MEMORIAL HERMANN WEST HOUSTON SURGERY CENTER LLC,970 CAMPBELL RD,HOUSTON,TX,77024,,(713) 461-3547,94,5,1,97,91,7,2,95,80,16,4,92,81,16,3,92,,1755,355,20,01/01/2021,12/31/2021
45C0001035,MEMORIAL HERMANN SURGERY CENTER MAIN STREET,7515 MAIN STREET SUITE 800,HOUSTON,TX,77030,,(713) 799-9990,96,3,1,98,90,8,2,94,84,12,4,93,81,16,3,92,,1621,232,14,01/01/2021,12/31/2021
45C0001039,BAYLOR SURGICARE,3920 WORTH ST.,DALLAS,TX,75246,,(214) 820-2581,97,3,0,99,93,5,2,95,90,9,1,96,89,9,2,95,,1482,326,22,01/01/2021,12/31/2021
45C0001046,PHYSICIANS DAY SURGERY CTR,3930 CRUTCHER ST,DALLAS,TX,75246,,(214) 820-6240,,,,,,,,,,,,,,,,,4,,,,,
45C0001077,DOCTORS UNITED SURGERY CENTER,5146 PRESTON,PASADENA,TX,77505,,(346) 203-5536,98,1,1,99,94,5,1,96,92,6,2,96,90,8,2,96,,1754,434,25,01/01/2021,12/31/2021
45C0001091,GARLAND SURGICARE PARTNERS LTD DBA BAYLOR SURGICARE AT GARLAND,530 CLARA BARTON BLVD SUITE 100,GARLAND,TX,75042,,(972) 494-2400,97,3,0,98,91,7,2,95,91,8,1,96,85,13,2,94,,1053,273,26,01/01/2021,12/31/2021
45C0001133,BAYLOR SURGICARE AT NORTH DALLAS LLC DBA BAYLOR SCOTT AND WHITE SURGICARE NORTH DALLAS,12230 COIT RD SUITE 200,DALLAS,TX,75251,,(469) 374-6400,98,2,0,99,90,8,2,94,92,6,2,95,86,11,3,94,,1096,209,19,01/01/2021,12/31/2021
45C0001149,MEMORIAL HERMANN SURGERY CENTER WOODLANDS PARKWAY,1441 WOODSTEAD CT SUITE 100,THE WOODLANDS,TX,77380,,(281) 825-4725,98,2,0,99,92,7,1,95,90,9,1,96,87,11,2,95,,1135,219,19,01/01/2021,12/31/2021
45C0001194,MEMORIAL HERMANN BAY AREA ENDOSCOPY CENTER LLC DBA BAY AREA ENDOSCOPY,444 FM 1959 RD SUITE B,HOUSTON,TX,77034,,(281) 892-2420,96,4,0,98,89,8,3,93,84,14,2,94,82,15,3,92,,987,213,22,01/01/2021,12/31/2021
45C0001196,BAYLOR SURGICARE AT OAKMONT,7200 OAKMONT BLVD.,FORT WORTH,TX,76132,,(817) 732-3300,97,2,1,98,92,7,1,95,88,10,2,95,85,12,3,93,,1377,314,23,01/01/2021,12/31/2021
45C0001205,DESOTO SURGICARE PARTNERS LTD,7992 WEST VIRGINIA DR.,DALLAS,TX,75237,,(972) 283-2400,97,3,0,98,90,8,2,94,88,10,2,95,83,15,2,93,,840,245,29,01/01/2021,12/31/2021
45C0001214,BAYLOR SURGICARE AT PLANO PARKWAY LLC DBA BAYLOR SCOTT AND WHITE SURGICARE PLANO PARKWAY,4031 WEST PLANO PARKWAY SUITE 100,PLANO,TX,75093,,(469) 326-0202,95,4,1,97,90,8,2,94,77,19,4,91,78,19,3,90,,1121,201,18,01/01/2021,12/31/2021
45C0001221,VICTORIA SURGERY CENTER,105 JAMES COLEMAN DR.,VICTORIA,TX,77904,,(361) 578-0234,97,3,0,98,87,10,3,92,88,10,2,95,87,12,1,96,,1569,305,20,01/01/2021,12/31/2021
45C0001233,HILL COUNTRY MEMORIAL SURGERY CENTER,204 GATEWAY NORTH SUITE B,MARBLE FALLS,TX,78654,,(830) 798-1821,99,1,0,99,95,5,0,97,92,7,1,96,94,5,1,98,,600,241,40,01/01/2021,12/31/2021
45C0001240,GOLDEN TRIANGLE SURGERY CENTER LLC DBA BAPTIST BEAUMONT SURGICAL AFFILIATES,3560 COLLEGE STREET,BEAUMONT,TX,77701,,(409) 835-7070,96,3,1,98,91,8,1,95,84,13,3,94,85,12,3,93,2,1319,407,31,01/01/2021,12/31/2021
45C0001243,NORTHWEST SURGERY CENTER RED OAK,17322 RED OAK DR,HOUSTON,TX,77090,,(281) 895-9100,97,3,0,98,90,7,3,94,85,13,2,93,84,14,2,94,,1130,277,25,01/01/2021,12/31/2021
45C0001245,CORPUS CHRISTI SURGICARE LTD DBA CORPUS CHRISTI OUTPATIENT SURGERY CENTER,3636 SOUTH ALAMEDA ST SUITE A,CORPUS CHRISTI,TX,78411,,(361) 853-2200,98,2,0,99,94,5,1,96,94,6,0,97,92,8,0,97,,1111,244,22,01/01/2021,12/31/2021
45C0001247,PASO DEL NORTE SURGERY CENTER,125 W. CASTELLANO,EL PASO,TX,79912,,(915) 532-8200,96,3,1,97,91,7,2,94,93,6,1,97,89,10,1,96,,1018,185,18,01/01/2021,12/31/2021
45C0001250,SHORELINE SURGERY CENTER LLP DBA CHRISTUS SPOHN-SURGICARE OF CORPUS CHRISTI,718 ELIZABETH ST,CORPUS CHRISTI,TX,78404,,(361) 882-3204,97,3,0,98,92,6,2,95,88,11,1,95,85,12,3,93,,900,277,31,01/01/2021,12/31/2021
45C0001257,BAYLOR SCOTT AND WHITE SURGICARE DENTON,350 SOUTH IH 35 EAST,DENTON,TX,76205,,(940) 323-1393,98,2,0,99,93,6,1,96,92,6,2,96,92,7,1,96,,1278,418,33,01/01/2021,12/31/2021
45C0001264,TEXAN SURGERY CENTER,7000 NORTH MOPAC EXPRESSWAY SUITE 120,AUSTIN,TX,78731,,(512) 342-0900,96,4,0,98,91,7,2,94,84,14,2,94,83,15,2,93,,1068,295,28,01/01/2021,12/31/2021
45C0001267,NMC SURGERY CENTER LP DBA THE SURGERY CENTER OF NACOGDOCHES,4948 N E STALLINGS DR,NACOGDOCHES,TX,75965,,(936) 568-3595,97,3,0,99,92,7,1,95,94,4,2,97,93,6,1,97,,1319,366,28,01/01/2021,12/31/2021
45C0001274,VICTORIA AMBULATORY SURGERY CENTER DBA THE SURGERY CENTER,6370 NORTH NAVARRO ST,VICTORIA,TX,77904,,(361) 570-8311,98,2,0,99,93,6,1,96,94,5,1,97,93,6,1,97,,1054,334,32,01/01/2021,12/31/2021
45C0001277,TEXAS ENDOSCOPY PLANO,6405 WEST PARKER #370,PLANO,TX,75093,,(214) 778-2570,98,2,0,99,89,9,2,94,93,6,1,96,88,12,0,96,,969,216,22,01/01/2021,12/31/2021
45C0001298,NORTH HOUSTON ENDOSCOPY AND SURGERY,275 LANTERN BEND SUITE 400,HOUSTON,TX,77090,,(281) 440-5797,96,3,1,98,93,6,1,96,89,9,2,95,85,11,4,93,,988,266,27,01/01/2021,12/31/2021
45C0001301,BAYLOR SCOTT & WHITE SURGICARE GRAPEVINE,2040 WEST STATE HWY 114,GRAPEVINE,TX,76051,,(817) 410-4300,98,2,0,99,92,7,1,95,87,11,2,94,87,12,1,95,,1603,339,21,01/01/2021,12/31/2021
45C0001307,TEXAS ORTHOPEDICS SURGERY CENTER,4700 SETON CENTER PARKWAY SUITE 100,AUSTIN,TX,78759,,(512) 608-4647,98,2,0,99,90,8,2,94,90,9,1,95,88,11,1,95,,1678,378,23,01/01/2021,12/31/2021
45C0001315,PARK CITIES SURGERY CENTER LLC DBA PARK CITIES SURGERY CENTER,6901 SNIDER PLAZA SUITE 300,UNIVERSITY PARK,TX,75205,,(214) 706-6901,96,3,1,98,91,6,3,94,90,9,1,96,88,9,3,95,,919,194,21,01/01/2021,12/31/2021
45C0001318,BAYLOR SCOTT AND WHITE SURGICARE CARROLLTON,4780 NORTH JOSEY LANE,CARROLLTON,TX,75010,,(972) 395-2210,97,3,0,98,94,5,1,96,92,7,1,96,90,8,2,96,,1306,231,18,01/01/2021,12/31/2021
45C0001338,SAN ANTONIO ENDOSCOPY CENTER,8550 DATAPOINT DR SUITE 100,SAN ANTONIO,TX,78229,,(210) 615-7232,97,3,0,99,90,9,1,94,92,6,2,96,89,9,2,96,,1030,249,24,01/01/2021,12/31/2021
45C0001344,MIDLAND TEXAS SURGICAL CENTER LLC,5609 DEAUVILLE BLVD,MIDLAND,TX,79706,,(432) 699-4224,99,1,0,99,95,4,1,97,93,6,1,97,95,5,0,98,,819,189,23,01/01/2021,12/31/2021
45C0001351,THEDA OAKS GASTROENTEROLOGY AND ENDOSCOPY CENTER LLC,19226 STONE HUE SUITE 103,SAN ANTONIO,TX,78258,,(210) 268-0100,96,3,1,98,88,10,2,93,89,9,2,95,85,14,1,95,,1025,218,21,01/01/2021,12/31/2021
45C0001355,BAYLOR SCOTT & WHITE SURGICARE PLANO,1701 OHIO DR,PLANO,TX,75093,,(214) 291-3000,97,3,0,98,90,7,3,93,90,8,2,95,87,10,3,94,,1043,231,22,01/01/2021,12/31/2021
45C0001357,BAYLOR SCOTT AND WHITE SURGICARE FORT WORTH,750 12TH AVE,FORT WORTH,TX,76104,,(817) 334-5101,96,3,1,98,91,7,2,95,90,7,3,95,88,9,3,95,,1288,281,22,01/01/2021,12/31/2021
45C0001363,MEMORIAL HERMANN ENDOSCOPY CENTER NORTH LOOP,1900 NORTH LOOP WEST SUITE #550,HOUSTON,TX,77018,,(713) 396-1300,98,2,0,99,93,6,1,96,90,10,0,96,88,11,1,95,,2328,285,12,01/01/2021,12/31/2021
45C0001364,ROCKWALL AMBULATORY SURGERY CENTER LLP,825 WEST YELLOWJACKET LN,ROCKWALL,TX,75087,,(972) 772-6166,98,2,0,99,94,5,1,96,91,7,2,96,90,8,2,95,,1606,338,21,01/01/2021,12/31/2021
45C0001369,MEMORIAL HERMANN SURGERY CENTER GREATER HEIGHTS,1631 NORTH LOOP WEST SUITE #300,HOUSTON,TX,77008,,(713) 396-1300,98,2,0,99,94,5,1,97,93,7,0,96,87,12,1,95,,1779,314,18,01/01/2021,12/31/2021
45C0001370,TEXAS INTERNATIONAL ENDOSCOPY CENTER LP,6620 MAIN ST STE 1500,HOUSTON,TX,77030,,(713) 520-8432,97,3,0,98,94,5,1,96,87,12,1,95,86,13,1,95,,1231,259,21,01/01/2021,12/31/2021
45C0001374,EL PASO DAY,1300 MURCHISON,EL PASO,TX,79902,,(915) 373-4180,98,2,0,99,90,8,2,94,92,7,1,96,89,10,1,96,,1575,327,21,01/01/2021,12/31/2021
45C0001384,TUSCAN SURGERY CENTER AT LAS COLINAS,701 TUSCAN DR SUITE 100,IRVING,TX,75039,,(214) 442-1900,97,3,0,98,91,7,2,95,85,13,2,95,88,10,2,95,,1276,274,21,01/01/2021,12/31/2021
45C0001391,NORTH TEXAS ENDOSCOPY PARTNERS,"2023 W. MCDERMOTT DR., # 240",ALLEN,TX,75013,,(972) 781-1482,98,2,0,99,93,5,2,96,92,8,0,97,90,9,1,96,,1368,304,22,01/01/2021,12/31/2021
45C0001393,NORTH GARLAND SURGERY CENTER LLP DBA BAYLOR SCOTT AND WHITE SURGICARE NORTH GARLAND,7150 NORTH GEORGE BUSH HWY SUITE 101,GARLAND,TX,75044,,(214) 703-1800,97,2,1,98,93,6,1,96,93,6,1,96,92,7,1,97,,1186,266,22,01/01/2021,12/31/2021
45C0001396,CENTENNIAL ASC LLC,4401 COIT RD #100,FRISCO,TX,75035,,(469) 893-6573,95,4,1,97,89,9,2,93,88,9,3,94,86,12,2,94,,1520,238,16,01/01/2021,12/31/2021
45C0001406,MEMORIAL HERMANN SURGERY CENTER THE WOODLANDS LLP DBA MEMORIAL HERMANN SURGERY CENTER THE WOODLANDS,9200 PINECROFT DR SUITE 200,THE WOODLANDS,TX,77380,,(281) 297-9500,99,1,0,100,94,5,1,97,93,7,0,97,92,7,1,97,,1115,199,18,01/01/2021,12/31/2021
45C0001412,CEDAR PARK SURGERY CENTER LLP DBA HILL COUNTRY SURGERY CENTER,801 EAST WHITESTONE BLVD SUITE 100,CEDAR PARK,TX,78613,,(512) 528-2000,98,2,0,99,90,8,2,94,90,9,1,95,89,10,1,96,,1645,350,21,01/01/2021,12/31/2021
45C0001421,MEMORIAL HERMANN SURGERY CENTER RICHMOND LLC,1517 THOMPSON RD SUITE 100,RICHMOND,TX,77469,,(281) 344-5444,97,2,1,98,88,9,3,93,85,13,2,94,85,13,2,94,,2017,323,16,01/01/2021,12/31/2021
45C0001422,LONE STAR ENDOSCOPY-KELLER,180 BEAR CREEK PARKWAY,KELLER,TX,76248,,(817) 337-3671,98,2,0,99,94,5,1,96,95,4,1,97,94,5,1,97,,914,211,23,01/01/2021,12/31/2021
45C0001434,MEMORIAL HERMANN SURGERY CENTER BRAZORIA LLC,2760 BRAZOS PARKWAY,ANGLETON,TX,77515,,(979) 848-5910,,,,,,,,,,,,,,,,,4,,,,,
45C0001442,MEMORIAL HERMANN SURGERY CENTER KINGSLAND,21720 KINGSLAND BLVD SUITE 101,KATY,TX,77450,,(281) 579-5655,99,1,0,99,93,6,1,96,94,5,1,96,90,8,2,96,,1378,214,16,01/01/2021,12/31/2021
45C0001443,MEMORIAL HERMANN SURGERY CENTER SOUTHWEST,7789 SOUTHWEST FREEWAY SUITE 200,HOUSTON,TX,77074,,(713) 343-3100,96,3,1,98,92,7,1,95,83,15,2,93,82,15,3,93,,1683,247,15,01/01/2021,12/31/2021
45C0001446,MEMORIAL HERMANN SURGERY CENTER TEXAS MEDICAL CENTER,6400 FANNIN ST SUITE 1500,HOUSTON,TX,77030,,(713) 790-7710,94,4,2,96,90,8,2,94,84,12,4,92,82,15,3,92,,1923,249,13,01/01/2021,12/31/2021
45C0001447,MEMORIAL HERMANN SURGERY CENTER KATY,23920 KATY FREEWAY,KATY,TX,77494,,(281) 644-3200,97,2,1,98,91,7,2,94,87,11,2,95,88,10,2,95,,1850,278,15,01/01/2021,12/31/2021
45C0001449,MEMORIAL HERMANN SURGERY CENTER SUGAR LAND LLP,17510 WEST GRAND PARKWAY SOUTH SUITE 200,SUGAR LAND,TX,77479,,(281) 238-1600,97,3,0,98,94,5,1,96,86,12,2,94,82,15,3,93,,1082,208,19,01/01/2021,12/31/2021
45C0001458,NORTHWEST SURGERY CENTER LLP,11111 RESEARCH BLVD SUITE 350,AUSTIN,TX,78759,,(512) 349-4010,97,3,0,99,93,6,1,96,90,8,2,94,86,13,1,95,,1058,203,19,01/01/2021,12/31/2021
45C0001465,EL PASO CENTER FOR GASTROINTESTINAL ENDOSCOPY LLC,1620 N. MESA ST,EL PASO,TX,79902,,(915) 545-5300,93,6,1,96,89,8,3,93,86,11,3,94,85,12,3,93,,2044,410,20,01/01/2021,12/31/2021
45C0001471,BAYLOR SURGICARE AT GRANBURY LLC,1717 PALUXY RD.,GRANBURY,TX,76048,,(817) 579-8863,98,2,0,99,95,4,1,97,95,4,1,97,92,7,1,96,,1318,461,35,01/01/2021,12/31/2021
45C0001481,HYDE PARK SURGERY CENTER,4611 GUADALUPE ST SUITE 100,AUSTIN,TX,78751,,(512) 420-2303,97,3,0,98,89,10,1,94,89,9,2,95,82,16,2,93,,1308,250,19,01/01/2021,12/31/2021
45C0001486,BAYLOR SCOTT & WHITE SURGICARE AT MANSFIELD,280 REGENCY PARKWAY,MANSFIELD,TX,76063,,(469) 387-2313,96,3,1,98,91,7,2,95,89,7,4,95,87,10,3,94,,1320,230,17,01/01/2021,12/31/2021
45C0001509,MEDICAL PARK TOWER SURGERY CENTER,1301 WEST 38TH ST SUITE 109,AUSTIN,TX,78705,,(512) 354-3011,96,3,1,97,92,7,1,95,86,11,3,93,84,13,3,94,,1169,268,23,01/01/2021,12/31/2021
45C0001513,MEMORIAL HERMANN MEMORIAL VILLAGE SURGERY CENTER,1120 BUSINESS CENTER DR SUITE 110,HOUSTON,TX,77043,,(713) 337-1111,95,4,1,97,91,7,2,95,85,10,5,93,80,14,6,91,,1038,174,17,01/01/2021,12/31/2021
45C0001522,WILLIAMSON SURGERY CENTER,"301 SETON PKWY, STE 200",ROUND ROCK,TX,78665,,(512) 861-4214,97,2,1,98,92,7,1,95,89,9,2,95,86,12,2,94,,1282,366,29,01/01/2021,12/31/2021
45C0001536,KIRBY GLEN SURGERY CENTER,2459 S. BRAESWOOD BLVD.,HOUSTON,TX,77030,,(713) 529-8600,95,4,1,97,89,9,2,93,81,15,4,92,79,18,3,91,,1407,327,23,01/01/2021,12/31/2021
45C0001561,SURGCENTER OF PLANO,6101 WINDHAVEN PARKWAY SUITE 195,PLANO,TX,75093,,(469) 209-7054,,,,,,,,,,,,,,,,,4,,,,,
45C0001570,LONE STAR ENDOSCOPY CENTER LLC,1001 SURREY LANE,FLOWER MOUND,TX,75022,,(214) 513-6300,97,3,0,99,92,6,2,95,93,5,2,97,91,7,2,96,,1295,336,26,01/01/2021,12/31/2021
45C0001582,BEAR CREEK SURGERY CENTER LLC,100 BOURLAND RD SUITE 110,KELLER,TX,76248,,(817) 518-9130,,,,,,,,,,,,,,,,,4,,,,,
45C0001597,NORTH PINES SURGERY CENTER LLC,4019 I 45 N SUITE 150,CONROE,TX,77304,,(936) 641-8181,96,3,1,97,89,8,3,93,89,6,5,94,88,10,2,95,,1049,252,24,01/01/2021,12/31/2021
45C0001607,MEMORIAL HERMANN SURGERY CENTER PINECROFT,9305 PINECROFT DR SUITE 200,SPRING,TX,77380,,(832) 823-5156,98,2,0,99,94,5,1,96,92,6,2,96,91,7,2,96,,1446,309,21,01/01/2021,12/31/2021
45C0001638,METHODIST CRAIG RANCH SURGERY CENTER,6045 ALMA RD SUITE 100,MCKINNEY,TX,75070,,(469) 907-1650,97,3,0,98,89,9,2,93,89,9,2,95,84,15,1,94,,1707,272,16,01/01/2021,12/31/2021
45C0001646,LONE STAR ENDOSCOPY CENTER SOUTHLAKE,515 SOUTH NOLEN DR,SOUTHLAKE,TX,76092,,(817) 912-1999,98,2,0,99,94,5,1,96,94,5,1,98,91,8,1,96,,1340,361,27,01/01/2021,12/31/2021
45C0001656,BAYLOR SURGICARE AT BAYLOR PLANO LLC DBA BAYLOR SCOTT AND WHITE SURGICARE AT PLANO ALLIANCE,4825 ALLIANCE BLVD SUTE 300,PLANO,TX,75093,,(469) 367-0700,97,3,0,98,89,8,3,93,89,9,2,95,86,12,2,94,,1506,332,22,01/01/2021,12/31/2021
45C0001657,BAYLOR SCOTT AND WHITE SPORTS SURGERY CENTER AT THE STAR,3800 GAYLORD PARKWAY SUITE 410,FRISCO,TX,75034,,(972) 668-5911,98,2,0,99,92,6,2,95,94,5,1,97,92,7,1,97,,1932,339,18,01/01/2021,12/31/2021
45C0001678,HILL COUNTRY SURGERY CENTER LLC DBA SURGERY CENTER BOERNE,112 HERFF RD SUITE 200,BOERNE,TX,78006,,(830) 331-7700,98,2,0,99,95,4,1,97,95,4,1,97,94,6,0,98,,1648,472,29,01/01/2021,12/31/2021
46C0001003,AVENUES SURGICAL CENTER,359 EAST 8TH AVE,SALT LAKE CITY,UT,84103,,(801) 792-2815,98,2,0,99,90,8,2,94,88,10,2,95,86,12,2,94,,1898,455,24,01/01/2021,12/31/2021
46C0001004,MCKAY DEE SURGICAL CENTER LLC,"3903 HARRISON BLVD., STE. 100",OGDEN,UT,84403,,(801) 387-3600,98,2,0,99,92,7,1,96,90,9,1,95,89,10,1,96,,3479,855,25,01/01/2021,12/31/2021
49C0001009,CENTRAL VIRGINIA SURGI-CENTER LP DBA SURGI-CENTER OF CENTRAL VIRGINIA,1500 DIXON ST SUITE 101,FREDERICKSBURG,VA,22401,,(540) 371-5349,98,2,0,99,91,7,2,95,86,12,2,95,86,13,1,95,,969,312,32,01/01/2021,12/31/2021
49C0001012,VIRGINIA BEACH AMBULATORY SURGERY CENTER,1700 WILL O WISP DR,VIRGINIA BEACH,VA,23454,,(757) 496-6400,99,1,0,99,93,6,1,96,94,5,1,97,92,8,0,97,,1050,280,27,01/01/2021,12/31/2021
49C0001017,KAISER FOUNDATION HEALTH PLAN OF THE MID ATLANTIC STAT,8008 WESTPARK DR,MC LEAN,VA,22102,,(703) 490-8400,98,2,0,99,94,5,1,96,89,11,0,96,88,10,2,95,,2524,629,25,01/01/2021,12/31/2021
49C0001034,MARY IMMACULATE AMBULATORY SURGERY CENTER LLC,12720 MCMANUS BLVD SUITE 103,NEWPORT NEWS,VA,23602,,(757) 369-7000,98,2,0,99,92,7,1,96,90,8,2,96,88,11,1,95,,919,252,27,01/01/2021,12/31/2021
49C0001044,ST. MARY'S AMBULATORY SURGERY CENTER,1501 MAPLE AVE SUITE 300,RICHMOND,VA,23226,,(804) 287-7881,98,2,0,99,90,8,2,94,92,7,1,96,91,7,2,96,,1140,302,26,01/01/2021,12/31/2021
49C0001047,BON SECOURS SURGERY CENTER AT VIRGINIA BEACH LLC,828 HEALTHY WAY SUITE 115,VIRGINIA BEACH,VA,23462,,(757) 495-8070,98,2,0,99,93,6,1,96,91,8,1,96,90,10,0,96,,894,274,31,01/01/2021,12/31/2021
49C0001049,BON SECOURS SURGERY CENTER AT HARBOUR VIEW LLC DBA BON SECOURS SURGERY CENTER AT HARBOUR VIEW,5818 HARBOUR VIEW BLVD SUITE 102D,SUFFOLK,VA,23435,,(757) 215-0499,98,2,0,99,92,7,1,95,88,10,2,95,86,12,2,95,,871,266,31,01/01/2021,12/31/2021
49C0001062,NOVANT HEALTH HAYMARKET AMBULATORY SURGICAL CENTER,15225 HEATHCOTE BLVD,HAYMARKET,VA,20169,,(336) 277-8770,97,3,0,98,90,8,2,94,88,10,2,95,88,11,1,95,,1425,546,38,01/01/2021,12/31/2021
50C0001048,TACOMA AMBULATORY SURGERY CENTER,209 MARTIN LUTHER KING JR WAY,TACOMA,WA,98405,,(206) 596-3590,97,3,0,98,92,7,1,95,84,14,2,94,83,15,2,93,,2601,762,29,01/01/2021,12/31/2021
50C0001095,PUGET SOUND GASTROETNEROLOGY AT KIRKLANDEVERGREEN ENDO CTR,11800 NE 128TH ST SUITE 100,KIRKLAND,WA,98034,,(425) 899-4500,,,,,,,,,,,,,,,,,4,,,,,
50C0001146,THE EVERETT CLINIC,3901 HOYT AVE,EVERETT,WA,98201,,(425) 259-0966,98,2,0,99,92,7,1,95,88,10,2,95,88,11,1,95,,2173,547,25,01/01/2021,12/31/2021
50C0001152,THE VANCOUVER CLINIC INC,700 NE 87TH AVE.,VANCOUVER,WA,98664,,(360) 397-3462,98,2,0,99,89,9,2,93,86,12,2,94,85,13,2,94,,6917,1731,25,01/01/2021,12/31/2021
50C0001157,EDMONDS ENDOSCOPY CENTER,"21600 HWY 99, STE. 260",EDMONDS,WA,98026,,(425) 774-2650,,,,,,,,,,,,,,,,,4,,,,,
50C0001190,GASTROENTEROLOGY ASSOCIATES LLC,500 LILLY RD NORTHEAST SUITE 204,OLYMPIA,WA,98506,,(360) 413-8250,97,2,1,98,91,7,2,94,89,8,3,95,89,9,2,95,,1182,407,34,01/01/2021,12/31/2021
50C0001226,PUGET SOUND GASTROENTEROLOGY PS,501 N. 34TH ST. STE. 101,SEATTLE,WA,98103,,(206) 838-1777,,,,,,,,,,,,,,,,,4,,,,,
50C0001233,NORTHWEST ORTHOPAEDIC SPECIALISTS PS,601 WEST 5TH AVE SUITE 500,SPOKANE,WA,99204,,(509) 344-8672,97,3,0,99,94,5,1,97,92,6,2,96,94,5,1,97,,1916,270,14,01/01/2021,12/31/2021
50C0001243,THE DOCTOR'S CLINIC,2200 NW MYRHE RD,SILVERDALE,WA,98383,,(360) 830-1111,,,,,,,,,,,,,,,,,4,,,,,
50C0001280,BELLEVUE AMBULATORY SURGERY CENTER,11511 NE 10TH ST,BELLEVUE,WA,98004,,(509) 241-7026,97,3,0,98,90,8,2,94,86,11,3,94,83,15,2,94,,2689,796,30,01/01/2021,12/31/2021
50C0001311,PROVIDENCE SURGERY AND PROCEDURE CENTER,16528 EAST DESMET CT,SPOKANE VALLEY,WA,99216,,(509) 474-3732,97,2,1,98,92,7,1,95,93,6,1,96,93,6,1,97,,1884,453,24,01/01/2021,12/31/2021
50C0001327,THE EVERETT CLINIC,21401 72ND AVE WEST,EDMONDS,WA,98026,,(425) 258-3900,98,2,0,99,93,6,1,96,89,10,1,95,85,13,2,94,,1947,427,22,01/01/2021,12/31/2021
52C0001005,SSM HEALTH DAVIS DUEHR DEAN SURGERY CENTER,1025 REGENT ST,MADISON,WI,53715,,(608) 259-3570,97,3,0,98,92,7,1,95,85,12,3,93,81,17,2,93,,776,330,43,01/01/2021,12/31/2021
52C0001011,SSM HEALTH SURGERYDIGESTIVE HEALTH CTR ON PARK ST,700 SOUTH PARK ST,MADISON,WI,53715,,(608) 259-3510,98,2,0,99,92,7,1,95,89,10,1,95,86,12,2,94,,1131,368,33,01/01/2021,12/31/2021
52C0001097,PAIN CENTERS OF WISCONSIN FORT ATKINSON LLC,1604 MADISON AVE.,FORT ATKINSON,WI,53538,,(414) 325-3749,,,,,,,,,,,,,,,,,4,,,,,
52C0001109,WISCONSIN SPECIALTY SURGERY CENTER LLC,"7401 104TH AVE, STE. 100",KENOSHA,WI,53158,,(262) 697-1006,,,,,,,,,,,,,,,,,4,,,,,
53C0001010,TETON OUTPATIENT SERVICES LLC,150 BUFFALO WAY,JACKSON,WY,83001,,(307) 733-8677,98,2,0,99,93,6,1,96,91,7,2,95,91,8,1,96,,1761,447,25,01/01/2021,12/31/2021
53C0001018,SHERIDAN SURGICAL CENTER LLC,1524 WEST 5TH ST,SHERIDAN,WY,82801,,(370) 672-7874,97,3,0,98,90,8,2,94,87,11,2,95,87,12,1,95,,1346,547,41,01/01/2021,12/31/2021
55C0001055,SAN FERNANDO VALLEY SURGERY CENTER,11550 INDIAN HILLS RD SUITE 160,MISSION HILLS,CA,91345,,(818) 256-2100,95,4,1,97,87,10,3,92,84,13,3,93,82,16,2,93,,1800,443,25,01/01/2021,12/31/2021
55C0001083,SACRAMENTO MIDTOWN ENDOSCOPY CENTER,3941 J ST SUITE 460,SACRAMENTO,CA,95819,,(916) 733-6940,95,5,0,97,86,12,2,92,82,15,3,92,76,22,2,91,,939,254,27,01/01/2021,12/31/2021
