"Facility ID","Facility Name","MSA","MSA Title","HCAHPS HLMR","HCAHPS HLMR Percentile","HCAHPS Start Date","HCAHPS End Date","HCAHPS Footnote","COMP-HIP-KNEE","COMP-HIP-KNEE Percentile","COMP Start Date","COMP End Date","COMP Footnote","PRO","PRO Start Date","PRO End Date","Reconciliation Footnote"
010001,SOUTHEAST ALABAMA MEDICAL CENTER,20020,"Dothan, AL",85.38,58%,07/01/2020,06/30/2021,,2.44499,41%,04/01/2018,03/31/2021,-,N,07/01/2019,06/30/2020,
010023,BAPTIST MEDICAL CENTER SOUTH,33860,"Montgomery, AL",85.75,63%,07/01/2020,06/30/2021,,1.91373,89%,04/01/2018,03/31/2021,-,N,07/01/2019,06/30/2020,
010055,FLOWERS HOSPITAL,20020,"Dothan, AL",84.44,44%,07/01/2020,06/30/2021,,2.79816,17%,04/01/2018,03/31/2021,-,N,07/01/2019,06/30/2020,
010092,D C H REGIONAL MEDICAL CENTER,46220,"Tuscaloosa, AL",81.25,13%,07/01/2020,06/30/2021,,2.11775,75%,04/01/2018,03/31/2021,-,N,07/01/2019,06/30/2020,
040026,CHI ST. VINCENT HOSPITAL HOT SPRINGS,26300,"Hot Springs, AR",83.63,32%,07/01/2020,06/30/2021,,2.04954,81%,04/01/2018,03/31/2021,-,N,07/01/2019,06/30/2020,
040078,NATIONAL PARK MEDICAL CENTER,26300,"Hot Springs, AR",79.25,6%,07/01/2020,06/30/2021,,2.93905,12%,04/01/2018,03/31/2021,-,N,07/01/2019,06/30/2020,*
050056,ANTELOPE VALLEY HOSPITAL,31080,"Los Angeles-Long Beach-Anaheim, CA",79.56,6%,07/01/2020,06/30/2021,,2.16061,71%,04/01/2018,03/31/2021,-,N,07/01/2019,06/30/2020,
050063,HOLLYWOOD PRESBYTERIAN MEDICAL CENTER,31080,"Los Angeles-Long Beach-Anaheim, CA",79.31,6%,07/01/2020,06/30/2021,,2.33415,53%,04/01/2018,03/31/2021,-,N,07/01/2019,06/30/2020,
050069,ST JOSEPH HOSPITAL,31080,"Los Angeles-Long Beach-Anaheim, CA",85.00,52%,07/01/2020,06/30/2021,,2.18213,68%,04/01/2018,03/31/2021,-,N,07/01/2019,06/30/2020,
050078,PROVIDENCE LITTLE CO OF MARY MED CTR SAN PEDRO,31080,"Los Angeles-Long Beach-Anaheim, CA",83.69,33%,07/01/2020,06/30/2021,,N/A,N/A,04/01/2018,03/31/2021,1,N,07/01/2019,06/30/2020,
050096,WEST COVINA MEDICAL CENTER,31080,"Los Angeles-Long Beach-Anaheim, CA",N/A,N/A,07/01/2020,06/30/2021,***,N/A,N/A,04/01/2018,03/31/2021,1,N,07/01/2019,06/30/2020,
050103,WHITE MEMORIAL MEDICAL CENTER,31080,"Los Angeles-Long Beach-Anaheim, CA",83.31,29%,07/01/2020,06/30/2021,,2.20856,65%,04/01/2018,03/31/2021,-,N,07/01/2019,06/30/2020,
050104,SAINT FRANCIS MEDICAL CENTER,31080,"Los Angeles-Long Beach-Anaheim, CA",75.13,1%,07/01/2020,06/30/2021,,N/A,N/A,04/01/2018,03/31/2021,1,N,07/01/2019,06/30/2020,
050112,SANTA MONICA - UCLA MEDICAL CENTER & ORTHOPAEDIC HOSPITAL,31080,"Los Angeles-Long Beach-Anaheim, CA",87.13,81%,07/01/2020,06/30/2021,,2.85539,15%,04/01/2018,03/31/2021,-,N,07/01/2019,06/30/2020,
050116,NORTHRIDGE HOSPITAL MEDICAL CENTER,31080,"Los Angeles-Long Beach-Anaheim, CA",84.75,49%,07/01/2020,06/30/2021,,2.24076,62%,04/01/2018,03/31/2021,-,N,07/01/2019,06/30/2020,
050124,USC VERDUGO HILLS HOSPITAL,31080,"Los Angeles-Long Beach-Anaheim, CA",81.81,17%,07/01/2020,06/30/2021,,2.32772,53%,04/01/2018,03/31/2021,-,N,07/01/2019,06/30/2020,
050126,VALLEY PRESBYTERIAN HOSPITAL,31080,"Los Angeles-Long Beach-Anaheim, CA",84.63,47%,07/01/2020,06/30/2021,,2.45639,40%,04/01/2018,03/31/2021,-,N,07/01/2019,06/30/2020,
050132,SAN GABRIEL VALLEY MEDICAL CENTER,31080,"Los Angeles-Long Beach-Anaheim, CA",83.69,33%,07/01/2020,06/30/2021,,2.40882,45%,04/01/2018,03/31/2021,-,N,07/01/2019,06/30/2020,
050135,SOUTHERN CALIFORNIA HOSPITAL AT HOLLYWOOD,31080,"Los Angeles-Long Beach-Anaheim, CA",72.19,0%,07/01/2020,06/30/2021,,N/A,N/A,04/01/2018,03/31/2021,1,N,07/01/2019,06/30/2020,
050168,ST JUDE MEDICAL CENTER,31080,"Los Angeles-Long Beach-Anaheim, CA",85.13,53%,07/01/2020,06/30/2021,,3.83954,1%,04/01/2018,03/31/2021,-,N,07/01/2019,06/30/2020,
050169,PRESBYTERIAN INTERCOMMUNITY HOSPITAL,31080,"Los Angeles-Long Beach-Anaheim, CA",86.81,78%,07/01/2020,06/30/2021,,2.0517,81%,04/01/2018,03/31/2021,-,N,07/01/2019,06/30/2020,
050180,JOHN MUIR MEDICAL CENTER - WALNUT CREEK CAMPUS,41860,"San Francisco-Oakland-Hayward, CA",85.75,63%,07/01/2020,06/30/2021,,2.03541,83%,04/01/2018,03/31/2021,-,Y,07/01/2019,06/30/2020,
050191,ST MARY MEDICAL CENTER,31080,"Los Angeles-Long Beach-Anaheim, CA",81.75,16%,07/01/2020,06/30/2021,,N/A,N/A,04/01/2018,03/31/2021,1,N,07/01/2019,06/30/2020,
050195,WASHINGTON HOSPITAL,41860,"San Francisco-Oakland-Hayward, CA",84.31,42%,07/01/2020,06/30/2021,,1.83547,92%,04/01/2018,03/31/2021,-,N,07/01/2019,06/30/2020,
050204,PALMDALE REGIONAL MEDICAL CENTER,31080,"Los Angeles-Long Beach-Anaheim, CA",83.19,27%,07/01/2020,06/30/2021,,4.82626,0%,04/01/2018,03/31/2021,-,N,07/01/2019,06/30/2020,*
050224,HOAG MEMORIAL HOSPITAL PRESBYTERIAN,31080,"Los Angeles-Long Beach-Anaheim, CA",86.00,67%,07/01/2020,06/30/2021,,N/A,N/A,04/01/2018,03/31/2021,5,N,07/01/2019,06/30/2020,
050226,AHMC ANAHEIM REGIONAL MEDICAL CENTER,31080,"Los Angeles-Long Beach-Anaheim, CA",81.19,13%,07/01/2020,06/30/2021,,2.17376,69%,04/01/2018,03/31/2021,-,N,07/01/2019,06/30/2020,
050230,GARDEN GROVE HOSPITAL & MEDICAL CENTER,31080,"Los Angeles-Long Beach-Anaheim, CA",79.69,7%,07/01/2020,06/30/2021,,N/A,N/A,04/01/2018,03/31/2021,1,N,07/01/2019,06/30/2020,
050231,POMONA VALLEY HOSPITAL MEDICAL CENTER,31080,"Los Angeles-Long Beach-Anaheim, CA",82.19,19%,07/01/2020,06/30/2021,,2.23186,62%,04/01/2018,03/31/2021,-,N,07/01/2019,06/30/2020,
050238,METHODIST HOSPITAL OF SOUTHERN CA,31080,"Los Angeles-Long Beach-Anaheim, CA",82.81,24%,07/01/2020,06/30/2021,,2.12029,75%,04/01/2018,03/31/2021,-,N,07/01/2019,06/30/2020,
050239,GLENDALE ADVENTIST MEDICAL CENTER,31080,"Los Angeles-Long Beach-Anaheim, CA",83.50,31%,07/01/2020,06/30/2021,,1.76994,94%,04/01/2018,03/31/2021,-,N,07/01/2019,06/30/2020,
050262,RONALD REAGAN U C L A MEDICAL CENTER,31080,"Los Angeles-Long Beach-Anaheim, CA",87.44,84%,07/01/2020,06/30/2021,,2.2224,63%,04/01/2018,03/31/2021,-,N,07/01/2019,06/30/2020,
050281,ALHAMBRA HOSPITAL MEDICAL CENTER,31080,"Los Angeles-Long Beach-Anaheim, CA",86.31,71%,07/01/2020,06/30/2021,,N/A,N/A,04/01/2018,03/31/2021,5,N,07/01/2019,06/30/2020,
050290,PROVIDENCE SAINT JOHN'S HEALTH CENTER,31080,"Los Angeles-Long Beach-Anaheim, CA",83.31,29%,07/01/2020,06/30/2021,,1.58115,98%,04/01/2018,03/31/2021,-,N,07/01/2019,06/30/2020,
050350,BEVERLY HOSPITAL,31080,"Los Angeles-Long Beach-Anaheim, CA",80.31,9%,07/01/2020,06/30/2021,,2.45687,39%,04/01/2018,03/31/2021,-,N,07/01/2019,06/30/2020,
050351,Torrance Memorial Medical Center,31080,"Los Angeles-Long Beach-Anaheim, CA",87.06,80%,07/01/2020,06/30/2021,,1.76747,94%,04/01/2018,03/31/2021,-,N,07/01/2019,06/30/2020,
050353,PROVIDENCE LITTLE COMPANY OF MARY MEDICAL CENTER TORRANCE,31080,"Los Angeles-Long Beach-Anaheim, CA",83.81,35%,07/01/2020,06/30/2021,,2.06206,80%,04/01/2018,03/31/2021,-,N,07/01/2019,06/30/2020,
050376,LAC-HARBOR-UCLA MED CENTER,31080,"Los Angeles-Long Beach-Anaheim, CA",82.25,20%,07/01/2020,06/30/2021,,2.86638,14%,04/01/2018,03/31/2021,-,N,07/01/2019,06/30/2020,*
050382,CITRUS VALLEY MEDICAL CENTER INTER-COMMUNITY CAMPUS,31080,"Los Angeles-Long Beach-Anaheim, CA",80.06,8%,07/01/2020,06/30/2021,,2.21608,64%,04/01/2018,03/31/2021,-,N,07/01/2019,06/30/2020,
050393,PIH HOSPITAL - DOWNEY,31080,"Los Angeles-Long Beach-Anaheim, CA",84.56,46%,07/01/2020,06/30/2021,,2.29796,56%,04/01/2018,03/31/2021,-,N,07/01/2019,06/30/2020,
050426,WEST ANAHEIM MEDICAL CENTER,31080,"Los Angeles-Long Beach-Anaheim, CA",79.00,5%,07/01/2020,06/30/2021,,N/A,N/A,04/01/2018,03/31/2021,1,N,07/01/2019,06/30/2020,
050471,GOOD SAMARITAN HOSPITAL,31080,"Los Angeles-Long Beach-Anaheim, CA",80.38,9%,07/01/2020,06/30/2021,,2.59484,28%,04/01/2018,03/31/2021,-,N,07/01/2019,06/30/2020,*
050481,WEST HILLS HOSPITAL & MEDICAL CENTER,31080,"Los Angeles-Long Beach-Anaheim, CA",78.13,4%,07/01/2020,06/30/2021,,2.59417,28%,04/01/2018,03/31/2021,-,N,07/01/2019,06/30/2020,*
050485,LONG BEACH MEMORIAL MEDICAL CENTER,31080,"Los Angeles-Long Beach-Anaheim, CA",84.50,45%,07/01/2020,06/30/2021,,2.53962,33%,04/01/2018,03/31/2021,-,N,07/01/2019,06/30/2020,
050496,JOHN MUIR MEDICAL CENTER - CONCORD CAMPUS,41860,"San Francisco-Oakland-Hayward, CA",85.31,57%,07/01/2020,06/30/2021,,1.6106,98%,04/01/2018,03/31/2021,-,Y,07/01/2019,06/30/2020,
050526,HUNTINGTON BEACH HOSPITAL,31080,"Los Angeles-Long Beach-Anaheim, CA",79.75,7%,07/01/2020,06/30/2021,,N/A,N/A,04/01/2018,03/31/2021,5,N,07/01/2019,06/30/2020,
050551,LOS ALAMITOS MEDICAL CENTER,31080,"Los Angeles-Long Beach-Anaheim, CA",79.88,8%,07/01/2020,06/30/2021,,3.03411,9%,04/01/2018,03/31/2021,-,N,07/01/2019,06/30/2020,*
050567,MISSION HOSPITAL REGIONAL MED CENTER,31080,"Los Angeles-Long Beach-Anaheim, CA",83.94,37%,07/01/2020,06/30/2021,,3.07838,8%,04/01/2018,03/31/2021,-,N,07/01/2019,06/30/2020,*
050570,FOUNTAIN VALLEY REGIONAL HOSPITAL & MEDICAL CENTER,31080,"Los Angeles-Long Beach-Anaheim, CA",77.75,3%,07/01/2020,06/30/2021,,2.74347,20%,04/01/2018,03/31/2021,-,N,07/01/2019,06/30/2020,*
050580,LA PALMA INTERCOMMUNITY HOSPITAL,31080,"Los Angeles-Long Beach-Anaheim, CA",80.94,12%,07/01/2020,06/30/2021,,N/A,N/A,04/01/2018,03/31/2021,1,N,07/01/2019,06/30/2020,
050581,LAKEWOOD REGIONAL MEDICAL CENTER,31080,"Los Angeles-Long Beach-Anaheim, CA",81.31,14%,07/01/2020,06/30/2021,,2.06415,80%,04/01/2018,03/31/2021,-,N,07/01/2019,06/30/2020,
050588,SAN DIMAS COMMUNITY HOSPITAL,31080,"Los Angeles-Long Beach-Anaheim, CA",81.81,17%,07/01/2020,06/30/2021,,N/A,N/A,04/01/2018,03/31/2021,1,N,07/01/2019,06/30/2020,
050589,PLACENTIA LINDA HOSPITAL,31080,"Los Angeles-Long Beach-Anaheim, CA",82.25,20%,07/01/2020,06/30/2021,,2.45262,40%,04/01/2018,03/31/2021,-,N,07/01/2019,06/30/2020,
050597,FOOTHILL PRESBYTERIAN HOSPITAL,31080,"Los Angeles-Long Beach-Anaheim, CA",82.63,23%,07/01/2020,06/30/2021,,N/A,N/A,04/01/2018,03/31/2021,1,N,07/01/2019,06/30/2020,
050603,SADDLEBACK MEMORIAL MEDICAL CENTER,31080,"Los Angeles-Long Beach-Anaheim, CA",85.25,56%,07/01/2020,06/30/2021,,2.3665,49%,04/01/2018,03/31/2021,-,N,07/01/2019,06/30/2020,
050624,HENRY MAYO NEWHALL  HOSPITAL,31080,"Los Angeles-Long Beach-Anaheim, CA",83.88,36%,07/01/2020,06/30/2021,,3.24793,5%,04/01/2018,03/31/2021,-,N,07/01/2019,06/30/2020,*
050663,LOS ANGELES COMMUNITY HOSPITAL,31080,"Los Angeles-Long Beach-Anaheim, CA",72.19,0%,07/01/2020,06/30/2021,,N/A,N/A,04/01/2018,03/31/2021,1,N,07/01/2019,06/30/2020,
050678,ORANGE COAST MEMORIAL MEDICAL CENTER,31080,"Los Angeles-Long Beach-Anaheim, CA",83.75,34%,07/01/2020,06/30/2021,,2.66356,25%,04/01/2018,03/31/2021,-,N,07/01/2019,06/30/2020,*
050696,KECK HOSPITAL OF USC,31080,"Los Angeles-Long Beach-Anaheim, CA",85.88,65%,07/01/2020,06/30/2021,,3.1048,7%,04/01/2018,03/31/2021,-,N,07/01/2019,06/30/2020,
050704,MISSION COMMUNITY HOSPITAL,31080,"Los Angeles-Long Beach-Anaheim, CA",75.13,1%,07/01/2020,06/30/2021,,2.55013,32%,04/01/2018,03/31/2021,-,N,07/01/2019,06/30/2020,
050717,LAC/RANCHO LOS AMIGOS NATIONAL REHABILITATION  CENTER,31080,"Los Angeles-Long Beach-Anaheim, CA",84.63,47%,07/01/2020,06/30/2021,,2.49418,36%,04/01/2018,03/31/2021,-,N,07/01/2019,06/30/2020,
050726,STANISLAUS SURGICAL HOSPITAL,33700,"Modesto, CA",93.38,100%,07/01/2020,06/30/2021,,2.22472,63%,04/01/2018,03/31/2021,-,N,07/01/2019,06/30/2020,
050735,WHITTIER HOSPITAL MEDICAL CENTER,31080,"Los Angeles-Long Beach-Anaheim, CA",81.00,12%,07/01/2020,06/30/2021,,N/A,N/A,04/01/2018,03/31/2021,1,N,07/01/2019,06/30/2020,
050736,MONTEREY PARK HOSPITAL,31080,"Los Angeles-Long Beach-Anaheim, CA",83.06,26%,07/01/2020,06/30/2021,,N/A,N/A,04/01/2018,03/31/2021,1,N,07/01/2019,06/30/2020,
050737,GARFIELD MEDICAL CENTER,31080,"Los Angeles-Long Beach-Anaheim, CA",83.69,33%,07/01/2020,06/30/2021,,N/A,N/A,04/01/2018,03/31/2021,1,N,07/01/2019,06/30/2020,
050739,CENTINELA HOSPITAL MEDICAL CENTER,31080,"Los Angeles-Long Beach-Anaheim, CA",80.13,8%,07/01/2020,06/30/2021,,N/A,N/A,04/01/2018,03/31/2021,1,N,07/01/2019,06/30/2020,
050740,MARINA DEL REY HOSPITAL,31080,"Los Angeles-Long Beach-Anaheim, CA",82.56,22%,07/01/2020,06/30/2021,,3.32096,4%,04/01/2018,03/31/2021,-,N,07/01/2019,06/30/2020,*
050742,OLYMPIA MEDICAL CENTER,31080,"Los Angeles-Long Beach-Anaheim, CA",N/A,N/A,07/01/2020,06/30/2021,***,N/A,N/A,04/01/2018,03/31/2021,1,N,07/01/2019,06/30/2020,
050745,CHAPMAN GLOBAL MEDICAL CENTER,31080,"Los Angeles-Long Beach-Anaheim, CA",76.75,2%,07/01/2020,06/30/2021,,2.3789,48%,04/01/2018,03/31/2021,-,N,07/01/2019,06/30/2020,
050746,ORANGE COUNTY GLOBAL MEDICAL CENTER,31080,"Los Angeles-Long Beach-Anaheim, CA",79.19,5%,07/01/2020,06/30/2021,,N/A,N/A,04/01/2018,03/31/2021,5,N,07/01/2019,06/30/2020,
050755,SHERMAN OAKS HOSPITAL,31080,"Los Angeles-Long Beach-Anaheim, CA",76.13,2%,07/01/2020,06/30/2021,,N/A,N/A,04/01/2018,03/31/2021,1,N,07/01/2019,06/30/2020,
050761,PROVIDENCE TARZANA MEDICAL CENTER,31080,"Los Angeles-Long Beach-Anaheim, CA",82.06,18%,07/01/2020,06/30/2021,,2.30063,55%,04/01/2018,03/31/2021,-,N,07/01/2019,06/30/2020,
050763,SILVER LAKE MEDICAL CENTER,31080,"Los Angeles-Long Beach-Anaheim, CA",78.69,4%,07/01/2020,06/30/2021,,N/A,N/A,04/01/2018,03/31/2021,1,N,07/01/2019,06/30/2020,
050769,HOAG ORTHOPEDIC INSTITUTE,31080,"Los Angeles-Long Beach-Anaheim, CA",90.00,96%,07/01/2020,06/30/2021,,1.56834,99%,04/01/2018,03/31/2021,-,Y,07/01/2019,06/30/2020,
060009,LUTHERAN MEDICAL CENTER,19740,"Denver-Aurora-Lakewood, CO",87.19,82%,07/01/2020,06/30/2021,,2.58467,29%,04/01/2018,03/31/2021,-,N,07/01/2019,06/30/2020,
060028,SAINT JOSEPH HOSPITAL,19740,"Denver-Aurora-Lakewood, CO",88.81,93%,07/01/2020,06/30/2021,,1.74462,95%,04/01/2018,03/31/2021,-,N,07/01/2019,06/30/2020,
060032,ROSE MEDICAL CENTER,19740,"Denver-Aurora-Lakewood, CO",86.00,67%,07/01/2020,06/30/2021,,1.95126,88%,04/01/2018,03/31/2021,-,N,07/01/2019,06/30/2020,
060064,Centura Health Porter Adventist Hospital,19740,"Denver-Aurora-Lakewood, CO",87.25,82%,07/01/2020,06/30/2021,,1.75519,95%,04/01/2018,03/31/2021,-,N,07/01/2019,06/30/2020,
060112,SKY RIDGE MEDICAL CENTER,19740,"Denver-Aurora-Lakewood, CO",85.06,52%,07/01/2020,06/30/2021,,2.05632,81%,04/01/2018,03/31/2021,-,N,07/01/2019,06/30/2020,
060116,GOOD SAMARITAN MEDICAL CENTER,14500,"Boulder, CO",87.88,88%,07/01/2020,06/30/2021,,2.21797,64%,04/01/2018,03/31/2021,-,N,07/01/2019,06/30/2020,
070005,WATERBURY HOSPITAL,35300,"New Haven-Milford, CT",81.81,17%,07/01/2020,06/30/2021,,2.33697,52%,04/01/2018,03/31/2021,-,N,07/01/2019,06/30/2020,
070007,LAWRENCE & MEMORIAL HOSPITAL,35980,"Norwich-New London, CT",82.94,25%,07/01/2020,06/30/2021,,2.94096,11%,04/01/2018,03/31/2021,-,N,07/01/2019,06/30/2020,*
070016,SAINT MARYS HOSPITAL,35300,"New Haven-Milford, CT",85.06,52%,07/01/2020,06/30/2021,,1.99039,85%,04/01/2018,03/31/2021,-,N,07/01/2019,06/30/2020,
070017,MIDSTATE MEDICAL CENTER,35300,"New Haven-Milford, CT",87.13,81%,07/01/2020,06/30/2021,,1.65491,97%,04/01/2018,03/31/2021,-,Y,07/01/2019,06/30/2020,
070031,GRIFFIN HOSPITAL,35300,"New Haven-Milford, CT",87.00,80%,07/01/2020,06/30/2021,,2.16003,71%,04/01/2018,03/31/2021,-,N,07/01/2019,06/30/2020,
100002,BETHESDA HOSPITAL EAST,33100,"Miami-Fort Lauderdale-West Palm Beach, FL",78.56,4%,07/01/2020,06/30/2021,,1.66074,97%,04/01/2018,03/31/2021,-,N,07/01/2019,06/30/2020,
100006,ORLANDO HEALTH,36740,"Orlando-Kissimmee-Sanford, FL",83.69,33%,07/01/2020,06/30/2021,,1.73984,95%,04/01/2018,03/31/2021,-,N,07/01/2019,06/30/2020,
100007,FLORIDA HOSPITAL,36740,"Orlando-Kissimmee-Sanford, FL",85.50,59%,07/01/2020,06/30/2021,,2.80418,17%,04/01/2018,03/31/2021,-,N,07/01/2019,06/30/2020,
100008,BAPTIST HOSPITAL OF MIAMI,33100,"Miami-Fort Lauderdale-West Palm Beach, FL",83.63,32%,07/01/2020,06/30/2021,,2.23333,62%,04/01/2018,03/31/2021,-,N,07/01/2019,06/30/2020,
100025,SACRED HEART HOSPITAL,37860,"Pensacola-Ferry Pass-Brent, FL",84.13,40%,07/01/2020,06/30/2021,,1.53731,99%,04/01/2018,03/31/2021,-,N,07/01/2019,06/30/2020,
100029,NORTH SHORE MEDICAL CENTER,33100,"Miami-Fort Lauderdale-West Palm Beach, FL",75.06,1%,07/01/2020,06/30/2021,,2.37226,49%,04/01/2018,03/31/2021,-,N,07/01/2019,06/30/2020,
100030,HEALTH CENTRAL,36740,"Orlando-Kissimmee-Sanford, FL",82.38,21%,07/01/2020,06/30/2021,,2.49773,36%,04/01/2018,03/31/2021,-,N,07/01/2019,06/30/2020,
100032,BAYFRONT HEALTH - ST PETERSBURG,45300,"Tampa-St. Petersburg-Clearwater, FL",80.19,8%,07/01/2020,06/30/2021,,2.74367,20%,04/01/2018,03/31/2021,-,N,07/01/2019,06/30/2020,*
100034,MOUNT SINAI MEDICAL CENTER,33100,"Miami-Fort Lauderdale-West Palm Beach, FL",81.44,14%,07/01/2020,06/30/2021,,2.71211,22%,04/01/2018,03/31/2021,-,N,07/01/2019,06/30/2020,*
100038,MEMORIAL REGIONAL HOSPITAL,33100,"Miami-Fort Lauderdale-West Palm Beach, FL",82.19,19%,07/01/2020,06/30/2021,,2.96327,10%,04/01/2018,03/31/2021,-,N,07/01/2019,06/30/2020,*
100039,BROWARD HEALTH MEDICAL CENTER,33100,"Miami-Fort Lauderdale-West Palm Beach, FL",81.00,12%,07/01/2020,06/30/2021,,2.53931,33%,04/01/2018,03/31/2021,-,N,07/01/2019,06/30/2020,
100043,MEASE DUNEDIN HOSPITAL,45300,"Tampa-St. Petersburg-Clearwater, FL",87.00,80%,07/01/2020,06/30/2021,,2.56322,31%,04/01/2018,03/31/2021,-,N,07/01/2019,06/30/2020,
100044,MARTIN MEDICAL CENTER,38940,"Port St. Lucie, FL",80.69,10%,07/01/2020,06/30/2021,,3.11918,7%,04/01/2018,03/31/2021,-,N,07/01/2019,06/30/2020,*
100046,FLORIDA HOSPITAL ZEPHYRHILLS,45300,"Tampa-St. Petersburg-Clearwater, FL",84.75,49%,07/01/2020,06/30/2021,,2.21204,65%,04/01/2018,03/31/2021,-,N,07/01/2019,06/30/2020,
100050,LARKIN COMMUNITY HOSPITAL PALM SPRINGS CAMPUS,33100,"Miami-Fort Lauderdale-West Palm Beach, FL",77.19,2%,07/01/2020,06/30/2021,,N/A,N/A,04/01/2018,03/31/2021,5,N,07/01/2019,06/30/2020,
100051,SOUTH LAKE HOSPITAL,36740,"Orlando-Kissimmee-Sanford, FL",84.13,40%,07/01/2020,06/30/2021,,2.80638,17%,04/01/2018,03/31/2021,-,N,07/01/2019,06/30/2020,
100053,HIALEAH HOSPITAL,33100,"Miami-Fort Lauderdale-West Palm Beach, FL",79.25,6%,07/01/2020,06/30/2021,,N/A,N/A,04/01/2018,03/31/2021,5,N,07/01/2019,06/30/2020,
100055,FLORIDA HOSPITAL NORTH PINELLAS,45300,"Tampa-St. Petersburg-Clearwater, FL",83.44,30%,07/01/2020,06/30/2021,,3.09349,8%,04/01/2018,03/31/2021,-,N,07/01/2019,06/30/2020,*
100057,FLORIDA HOSPITAL WATERMAN,36740,"Orlando-Kissimmee-Sanford, FL",84.56,46%,07/01/2020,06/30/2021,,2.47253,38%,04/01/2018,03/31/2021,-,N,07/01/2019,06/30/2020,
100063,MORTON PLANT NORTH BAY HOSPITAL,45300,"Tampa-St. Petersburg-Clearwater, FL",85.94,66%,07/01/2020,06/30/2021,,N/A,N/A,04/01/2018,03/31/2021,1,N,07/01/2019,06/30/2020,
100067,ST ANTHONYS HOSPITAL,45300,"Tampa-St. Petersburg-Clearwater, FL",85.31,57%,07/01/2020,06/30/2021,,2.9412,11%,04/01/2018,03/31/2021,-,N,07/01/2019,06/30/2020,
100069,FLORIDA HOSPITAL CARROLLWOOD,45300,"Tampa-St. Petersburg-Clearwater, FL",83.38,29%,07/01/2020,06/30/2021,,2.34975,51%,04/01/2018,03/31/2021,-,N,07/01/2019,06/30/2020,
100071,BAYFRONT HEALTH BROOKSVILLE,45300,"Tampa-St. Petersburg-Clearwater, FL",79.06,5%,07/01/2020,06/30/2021,,N/A,N/A,04/01/2018,03/31/2021,1,N,07/01/2019,06/30/2020,
100073,HOLY CROSS HOSPITAL,33100,"Miami-Fort Lauderdale-West Palm Beach, FL",81.81,17%,07/01/2020,06/30/2021,,2.30706,55%,04/01/2018,03/31/2021,-,N,07/01/2019,06/30/2020,
100075,ST JOSEPHS HOSPITAL,45300,"Tampa-St. Petersburg-Clearwater, FL",85.31,57%,07/01/2020,06/30/2021,,2.83855,16%,04/01/2018,03/31/2021,-,N,07/01/2019,06/30/2020,
100080,JFK MEDICAL CENTER,33100,"Miami-Fort Lauderdale-West Palm Beach, FL",77.25,2%,07/01/2020,06/30/2021,,1.66743,97%,04/01/2018,03/31/2021,-,N,07/01/2019,06/30/2020,
100084,LEESBURG REGIONAL MEDICAL CENTER,36740,"Orlando-Kissimmee-Sanford, FL",79.38,6%,07/01/2020,06/30/2021,,1.99557,85%,04/01/2018,03/31/2021,-,N,07/01/2019,06/30/2020,
100086,BROWARD HEALTH NORTH,33100,"Miami-Fort Lauderdale-West Palm Beach, FL",82.50,22%,07/01/2020,06/30/2021,,2.33475,53%,04/01/2018,03/31/2021,-,N,07/01/2019,06/30/2020,
100093,BAPTIST HOSPITAL,37860,"Pensacola-Ferry Pass-Brent, FL",83.75,34%,07/01/2020,06/30/2021,,1.43607,100%,04/01/2018,03/31/2021,-,Y,07/01/2019,06/30/2020,
100105,INDIAN RIVER MEDICAL CENTER,42680,"Sebastian-Vero Beach, FL",82.13,19%,07/01/2020,06/30/2021,,2.03782,83%,04/01/2018,03/31/2021,-,N,07/01/2019,06/30/2020,
100110,OSCEOLA REGIONAL MEDICAL CENTER,36740,"Orlando-Kissimmee-Sanford, FL",78.81,4%,07/01/2020,06/30/2021,,2.07094,79%,04/01/2018,03/31/2021,-,N,07/01/2019,06/30/2020,
100113,UF HEALTH SHANDS HOSPITAL,23540,"Gainesville, FL",86.00,67%,07/01/2020,06/30/2021,,1.53756,99%,04/01/2018,03/31/2021,-,Y,07/01/2019,06/30/2020,
100124,SANTA ROSA MEDICAL CENTER,37860,"Pensacola-Ferry Pass-Brent, FL",86.38,72%,07/01/2020,06/30/2021,,2.46933,38%,04/01/2018,03/31/2021,-,N,07/01/2019,06/30/2020,
100125,HOMESTEAD HOSPITAL,33100,"Miami-Fort Lauderdale-West Palm Beach, FL",85.38,58%,07/01/2020,06/30/2021,,N/A,N/A,04/01/2018,03/31/2021,1,N,07/01/2019,06/30/2020,
100126,PALMS OF PASADENA HOSPITAL,45300,"Tampa-St. Petersburg-Clearwater, FL",84.69,48%,07/01/2020,06/30/2021,,2.39975,46%,04/01/2018,03/31/2021,-,N,07/01/2019,06/30/2020,
100127,MORTON PLANT HOSPITAL,45300,"Tampa-St. Petersburg-Clearwater, FL",86.50,74%,07/01/2020,06/30/2021,,1.67848,97%,04/01/2018,03/31/2021,-,N,07/01/2019,06/30/2020,
100128,TAMPA GENERAL HOSPITAL,45300,"Tampa-St. Petersburg-Clearwater, FL",84.50,45%,07/01/2020,06/30/2021,,2.22294,63%,04/01/2018,03/31/2021,-,N,07/01/2019,06/30/2020,
100131,AVENTURA HOSPITAL AND MEDICAL CENTER,33100,"Miami-Fort Lauderdale-West Palm Beach, FL",79.69,7%,07/01/2020,06/30/2021,,2.45352,40%,04/01/2018,03/31/2021,-,N,07/01/2019,06/30/2020,
100132,SOUTH FLORIDA BAPTIST HOSPITAL,45300,"Tampa-St. Petersburg-Clearwater, FL",85.06,52%,07/01/2020,06/30/2021,,N/A,N/A,04/01/2018,03/31/2021,1,N,07/01/2019,06/30/2020,
100154,SOUTH MIAMI HOSPITAL,33100,"Miami-Fort Lauderdale-West Palm Beach, FL",84.19,41%,07/01/2020,06/30/2021,,2.38904,47%,04/01/2018,03/31/2021,-,N,07/01/2019,06/30/2020,
100161,CENTRAL FLORIDA REGIONAL HOSPITAL,36740,"Orlando-Kissimmee-Sanford, FL",81.75,16%,07/01/2020,06/30/2021,,3.18222,6%,04/01/2018,03/31/2021,-,N,07/01/2019,06/30/2020,*
100167,MERCY HOSPITAL,33100,"Miami-Fort Lauderdale-West Palm Beach, FL",81.94,18%,07/01/2020,06/30/2021,,2.58462,29%,04/01/2018,03/31/2021,-,N,07/01/2019,06/30/2020,*
100168,BOCA RATON REGIONAL HOSPITAL,33100,"Miami-Fort Lauderdale-West Palm Beach, FL",80.44,10%,07/01/2020,06/30/2021,,3.79669,1%,04/01/2018,03/31/2021,-,N,07/01/2019,06/30/2020,*
100173,FLORIDA HOSPITAL TAMPA,45300,"Tampa-St. Petersburg-Clearwater, FL",83.31,29%,07/01/2020,06/30/2021,,2.14953,73%,04/01/2018,03/31/2021,-,N,07/01/2019,06/30/2020,
100176,PALM BEACH GARDENS MEDICAL CENTER,33100,"Miami-Fort Lauderdale-West Palm Beach, FL",78.31,4%,07/01/2020,06/30/2021,,3.3472,4%,04/01/2018,03/31/2021,-,N,07/01/2019,06/30/2020,*
100180,ST PETERSBURG GENERAL HOSPITAL,45300,"Tampa-St. Petersburg-Clearwater, FL",81.38,14%,07/01/2020,06/30/2021,,N/A,N/A,04/01/2018,03/31/2021,1,N,07/01/2019,06/30/2020,
100181,LARKIN COMMUNITY HOSPITAL,33100,"Miami-Fort Lauderdale-West Palm Beach, FL",N/A,N/A,07/01/2020,06/30/2021,***,N/A,N/A,04/01/2018,03/31/2021,1,N,07/01/2019,06/30/2020,
100183,CORAL GABLES HOSPITAL,33100,"Miami-Fort Lauderdale-West Palm Beach, FL",79.81,7%,07/01/2020,06/30/2021,,N/A,N/A,04/01/2018,03/31/2021,1,N,07/01/2019,06/30/2020,
100187,PALMETTO GENERAL HOSPITAL,33100,"Miami-Fort Lauderdale-West Palm Beach, FL",78.94,5%,07/01/2020,06/30/2021,,2.45295,40%,04/01/2018,03/31/2021,-,N,07/01/2019,06/30/2020,
100189,NORTHWEST MEDICAL CENTER,33100,"Miami-Fort Lauderdale-West Palm Beach, FL",76.19,2%,07/01/2020,06/30/2021,,N/A,N/A,04/01/2018,03/31/2021,5,N,07/01/2019,06/30/2020,
100191,MEDICAL CENTER OF TRINITY,45300,"Tampa-St. Petersburg-Clearwater, FL",80.81,11%,07/01/2020,06/30/2021,,2.12977,75%,04/01/2018,03/31/2021,-,N,07/01/2019,06/30/2020,
100200,BROWARD HEALTH IMPERIAL POINT,33100,"Miami-Fort Lauderdale-West Palm Beach, FL",82.56,22%,07/01/2020,06/30/2021,,2.09855,77%,04/01/2018,03/31/2021,-,N,07/01/2019,06/30/2020,
100204,NORTH FLORIDA REGIONAL MEDICAL CENTER,23540,"Gainesville, FL",81.94,18%,07/01/2020,06/30/2021,,1.57875,98%,04/01/2018,03/31/2021,-,N,07/01/2019,06/30/2020,
100206,MEMORIAL HOSPITAL OF TAMPA,45300,"Tampa-St. Petersburg-Clearwater, FL",83.88,36%,07/01/2020,06/30/2021,,2.70068,22%,04/01/2018,03/31/2021,-,N,07/01/2019,06/30/2020,*
100209,KENDALL REGIONAL MEDICAL CENTER,33100,"Miami-Fort Lauderdale-West Palm Beach, FL",75.75,1%,07/01/2020,06/30/2021,,2.08152,79%,04/01/2018,03/31/2021,-,N,07/01/2019,06/30/2020,
100211,FLORIDA HOSPITAL DADE CITY,45300,"Tampa-St. Petersburg-Clearwater, FL",84.19,41%,07/01/2020,06/30/2021,,N/A,N/A,04/01/2018,03/31/2021,5,N,07/01/2019,06/30/2020,
100217,SEBASTIAN RIVER MEDICAL CENTER,42680,"Sebastian-Vero Beach, FL",80.44,10%,07/01/2020,06/30/2021,,2.03514,83%,04/01/2018,03/31/2021,-,N,07/01/2019,06/30/2020,
100224,HCA FLORIDA WOODMONT HOSPITAL,33100,"Miami-Fort Lauderdale-West Palm Beach, FL",75.63,1%,07/01/2020,06/30/2021,,2.6663,24%,04/01/2018,03/31/2021,-,N,07/01/2019,06/30/2020,*
100228,WESTSIDE REGIONAL MEDICAL CENTER,33100,"Miami-Fort Lauderdale-West Palm Beach, FL",78.88,5%,07/01/2020,06/30/2021,,2.43179,42%,04/01/2018,03/31/2021,-,N,07/01/2019,06/30/2020,
100230,MEMORIAL HOSPITAL PEMBROKE,33100,"Miami-Fort Lauderdale-West Palm Beach, FL",85.69,62%,07/01/2020,06/30/2021,,N/A,N/A,04/01/2018,03/31/2021,1,N,07/01/2019,06/30/2020,
100231,WEST FLORIDA HOSPITAL,37860,"Pensacola-Ferry Pass-Brent, FL",82.25,20%,07/01/2020,06/30/2021,,2.3401,52%,04/01/2018,03/31/2021,-,N,07/01/2019,06/30/2020,
100238,NORTHSIDE HOSPITAL,45300,"Tampa-St. Petersburg-Clearwater, FL",80.81,11%,07/01/2020,06/30/2021,,3.30532,4%,04/01/2018,03/31/2021,-,N,07/01/2019,06/30/2020,*
100243,BRANDON REGIONAL HOSPITAL,45300,"Tampa-St. Petersburg-Clearwater, FL",79.81,7%,07/01/2020,06/30/2021,,2.68486,23%,04/01/2018,03/31/2021,-,N,07/01/2019,06/30/2020,*
100246,LAWNWOOD REGIONAL MEDICAL CENTER & HEART INSTITUTE,38940,"Port St. Lucie, FL",78.13,4%,07/01/2020,06/30/2021,,N/A,N/A,04/01/2018,03/31/2021,1,N,07/01/2019,06/30/2020,
100248,LARGO MEDICAL CENTER,45300,"Tampa-St. Petersburg-Clearwater, FL",79.00,5%,07/01/2020,06/30/2021,,2.07014,79%,04/01/2018,03/31/2021,-,N,07/01/2019,06/30/2020,
100253,Jupiter Medical Center,33100,"Miami-Fort Lauderdale-West Palm Beach, FL",84.00,38%,07/01/2020,06/30/2021,,2.03929,83%,04/01/2018,03/31/2021,-,N,07/01/2019,06/30/2020,
100256,REGIONAL MEDICAL CENTER BAYONET POINT,45300,"Tampa-St. Petersburg-Clearwater, FL",80.44,10%,07/01/2020,06/30/2021,,2.2983,56%,04/01/2018,03/31/2021,-,N,07/01/2019,06/30/2020,
100258,DELRAY MEDICAL CENTER,33100,"Miami-Fort Lauderdale-West Palm Beach, FL",74.63,1%,07/01/2020,06/30/2021,,2.20771,66%,04/01/2018,03/31/2021,-,N,07/01/2019,06/30/2020,
100259,SOUTH BAY HOSPITAL,45300,"Tampa-St. Petersburg-Clearwater, FL",76.94,2%,07/01/2020,06/30/2021,,2.49245,36%,04/01/2018,03/31/2021,-,N,07/01/2019,06/30/2020,
100260,ST LUCIE MEDICAL CENTER,38940,"Port St. Lucie, FL",83.50,31%,07/01/2020,06/30/2021,,2.741,20%,04/01/2018,03/31/2021,-,Y,07/01/2019,06/30/2020,
100264,OAK HILL HOSPITAL,45300,"Tampa-St. Petersburg-Clearwater, FL",81.88,17%,07/01/2020,06/30/2021,,2.47626,38%,04/01/2018,03/31/2021,-,N,07/01/2019,06/30/2020,
100265,MEASE COUNTRYSIDE HOSPITAL,45300,"Tampa-St. Petersburg-Clearwater, FL",85.75,63%,07/01/2020,06/30/2021,,1.9523,87%,04/01/2018,03/31/2021,-,N,07/01/2019,06/30/2020,
100266,GULF BREEZE HOSPITAL,37860,"Pensacola-Ferry Pass-Brent, FL",86.31,71%,07/01/2020,06/30/2021,,2.72429,21%,04/01/2018,03/31/2021,-,Y,07/01/2019,06/30/2020,
100268,WEST BOCA MEDICAL CENTER,33100,"Miami-Fort Lauderdale-West Palm Beach, FL",76.13,2%,07/01/2020,06/30/2021,,2.37781,48%,04/01/2018,03/31/2021,-,N,07/01/2019,06/30/2020,
100269,PALMS WEST HOSPITAL,33100,"Miami-Fort Lauderdale-West Palm Beach, FL",81.56,15%,07/01/2020,06/30/2021,,N/A,N/A,04/01/2018,03/31/2021,1,N,07/01/2019,06/30/2020,
100275,WELLINGTON REGIONAL MEDICAL CENTER,33100,"Miami-Fort Lauderdale-West Palm Beach, FL",76.56,2%,07/01/2020,06/30/2021,,2.18111,68%,04/01/2018,03/31/2021,-,N,07/01/2019,06/30/2020,
100276,BROWARD HEALTH CORAL SPRINGS,33100,"Miami-Fort Lauderdale-West Palm Beach, FL",79.38,6%,07/01/2020,06/30/2021,,N/A,N/A,04/01/2018,03/31/2021,1,N,07/01/2019,06/30/2020,
100281,MEMORIAL HOSPITAL WEST,33100,"Miami-Fort Lauderdale-West Palm Beach, FL",84.56,46%,07/01/2020,06/30/2021,,2.7045,22%,04/01/2018,03/31/2021,-,N,07/01/2019,06/30/2020,
100284,WESTCHESTER GENERAL HOSPITAL,33100,"Miami-Fort Lauderdale-West Palm Beach, FL",N/A,N/A,07/01/2020,06/30/2021,***,N/A,N/A,04/01/2018,03/31/2021,1,N,07/01/2019,06/30/2020,**
100285,MEMORIAL HOSPITAL MIRAMAR,33100,"Miami-Fort Lauderdale-West Palm Beach, FL",85.44,59%,07/01/2020,06/30/2021,,N/A,N/A,04/01/2018,03/31/2021,1,N,07/01/2019,06/30/2020,
100287,GOOD SAMARITAN MEDICAL CENTER,33100,"Miami-Fort Lauderdale-West Palm Beach, FL",79.81,7%,07/01/2020,06/30/2021,,2.28674,57%,04/01/2018,03/31/2021,-,N,07/01/2019,06/30/2020,
100288,ST MARY'S MEDICAL CENTER,33100,"Miami-Fort Lauderdale-West Palm Beach, FL",79.63,7%,07/01/2020,06/30/2021,,2.49926,35%,04/01/2018,03/31/2021,-,N,07/01/2019,06/30/2020,
100289,CLEVELAND CLINIC HOSPITAL,33100,"Miami-Fort Lauderdale-West Palm Beach, FL",84.31,42%,07/01/2020,06/30/2021,,1.77589,94%,04/01/2018,03/31/2021,-,N,07/01/2019,06/30/2020,
100296,DOCTORS HOSPITAL,33100,"Miami-Fort Lauderdale-West Palm Beach, FL",82.56,22%,07/01/2020,06/30/2021,,1.61644,98%,04/01/2018,03/31/2021,-,N,07/01/2019,06/30/2020,
100302,ST CLOUD REGIONAL MEDICAL CENTER,36740,"Orlando-Kissimmee-Sanford, FL",73.06,0%,07/01/2020,06/30/2021,,N/A,N/A,04/01/2018,03/31/2021,1,N,07/01/2019,06/30/2020,
100314,WEST KENDALL BAPTIST HOSPITAL,33100,"Miami-Fort Lauderdale-West Palm Beach, FL",84.19,41%,07/01/2020,06/30/2021,,N/A,N/A,04/01/2018,03/31/2021,1,N,07/01/2019,06/30/2020,
100319,FLORIDA HOSPITAL WESLEY CHAPEL,45300,"Tampa-St. Petersburg-Clearwater, FL",86.75,77%,07/01/2020,06/30/2021,,2.34052,52%,04/01/2018,03/31/2021,-,N,07/01/2019,06/30/2020,
110029,"NORTHEAST GEORGIA MEDICAL CENTER, INC",23580,"Gainesville, GA",81.13,13%,07/01/2020,06/30/2021,,2.04812,82%,04/01/2018,03/31/2021,-,N,07/01/2019,06/30/2020,
150005,HENDRICKS REGIONAL HEALTH,26900,"Indianapolis-Carmel-Anderson, IN",87.13,81%,07/01/2020,06/30/2021,,2.28474,57%,04/01/2018,03/31/2021,-,N,07/01/2019,06/30/2020,
150012,SAINT JOSEPH REGIONAL MEDICAL CENTER,43780,"South Bend-Mishawaka, IN-MI",83.25,28%,07/01/2020,06/30/2021,,2.38567,47%,04/01/2018,03/31/2021,-,N,07/01/2019,06/30/2020,
150058,MEMORIAL HOSPITAL OF SOUTH BEND,43780,"South Bend-Mishawaka, IN-MI",84.50,45%,07/01/2020,06/30/2021,,2.10343,76%,04/01/2018,03/31/2021,-,N,07/01/2019,06/30/2020,
150160,ORTHOINDY HOSPITAL,26900,"Indianapolis-Carmel-Anderson, IN",92.06,98%,07/01/2020,06/30/2021,,1.74444,95%,04/01/2018,03/31/2021,-,N,07/01/2019,06/30/2020,
170016,ST FRANCIS HEALTH CENTER INC,45820,"Topeka, KS",86.25,71%,07/01/2020,06/30/2021,,3.08265,8%,04/01/2018,03/31/2021,-,N,07/01/2019,06/30/2020,
170183,KANSAS SURGERY AND RECOVERY CENTER,48620,"Wichita, KS",92.31,99%,07/01/2020,06/30/2021,,1.45684,99%,04/01/2018,03/31/2021,-,N,07/01/2019,06/30/2020,
170188,KANSAS CITY ORTHOPAEDIC INSTITUTE,28140,"Kansas City, MO-KS",93.50,100%,07/01/2020,06/30/2021,,1.66128,97%,04/01/2018,03/31/2021,-,N,07/01/2019,06/30/2020,
180001,ST ELIZABETH FT THOMAS,17140,"Cincinnati, OH-KY-IN",87.69,86%,07/01/2020,06/30/2021,,N/A,N/A,04/01/2018,03/31/2021,5,N,07/01/2019,06/30/2020,
180035,ST ELIZABETH MEDICAL CENTER NORTH,17140,"Cincinnati, OH-KY-IN",86.75,77%,07/01/2020,06/30/2021,,2.71137,22%,04/01/2018,03/31/2021,-,N,07/01/2019,06/30/2020,
180045,ST ELIZABETH FLORENCE,17140,"Cincinnati, OH-KY-IN",87.00,80%,07/01/2020,06/30/2021,,N/A,N/A,04/01/2018,03/31/2021,5,N,07/01/2019,06/30/2020,
190036,OCHSNER MEDICAL CENTER,35380,"New Orleans-Metairie, LA",86.44,73%,07/01/2020,06/30/2021,,2.12063,75%,04/01/2018,03/31/2021,-,N,07/01/2019,06/30/2020,
190039,WEST JEFFERSON MEDICAL CENTER,35380,"New Orleans-Metairie, LA",84.69,48%,07/01/2020,06/30/2021,,1.98573,86%,04/01/2018,03/31/2021,-,N,07/01/2019,06/30/2020,
190040,SLIDELL MEMORIAL HOSPITAL,35380,"New Orleans-Metairie, LA",85.13,53%,07/01/2020,06/30/2021,,N/A,N/A,04/01/2018,03/31/2021,1,N,07/01/2019,06/30/2020,
190045,ST TAMMANY PARISH HOSPITAL,35380,"New Orleans-Metairie, LA",87.44,84%,07/01/2020,06/30/2021,,2.52825,33%,04/01/2018,03/31/2021,-,Y,07/01/2019,06/30/2020,
190046,TOURO INFIRMARY,35380,"New Orleans-Metairie, LA",85.75,63%,07/01/2020,06/30/2021,,2.4374,42%,04/01/2018,03/31/2021,-,N,07/01/2019,06/30/2020,
190125,ST FRANCIS MEDICAL CENTER,33740,"Monroe, LA",85.75,63%,07/01/2020,06/30/2021,,2.34618,51%,04/01/2018,03/31/2021,-,N,07/01/2019,06/30/2020,
190146,EAST JEFFERSON GENERAL HOSPITAL,35380,"New Orleans-Metairie, LA",85.88,65%,07/01/2020,06/30/2021,,2.91119,12%,04/01/2018,03/31/2021,-,N,07/01/2019,06/30/2020,
190160,GLENWOOD REGIONAL MEDICAL CENTER,33740,"Monroe, LA",82.25,20%,07/01/2020,06/30/2021,,2.65559,25%,04/01/2018,03/31/2021,-,Y,07/01/2019,06/30/2020,*
190176,TULANE MEDICAL CENTER,35380,"New Orleans-Metairie, LA",84.50,45%,07/01/2020,06/30/2021,,2.12905,75%,04/01/2018,03/31/2021,-,N,07/01/2019,06/30/2020,
190204,"OCHSNER MEDICAL CENTER - NORTHSHORE, L L C",35380,"New Orleans-Metairie, LA",86.50,74%,07/01/2020,06/30/2021,,3.00525,10%,04/01/2018,03/31/2021,-,N,07/01/2019,06/30/2020,
190256,STERLING SURGICAL HOSPITAL,35380,"New Orleans-Metairie, LA",N/A,N/A,07/01/2020,06/30/2021,***,2.17978,69%,04/01/2018,03/31/2021,-,N,07/01/2019,06/30/2020,
190267,FAIRWAY MEDICAL CENTER,35380,"New Orleans-Metairie, LA",93.25,99%,07/01/2020,06/30/2021,,2.02604,83%,04/01/2018,03/31/2021,-,N,07/01/2019,06/30/2020,
190270,SOUTHERN SURGICAL HOSPITAL,35380,"New Orleans-Metairie, LA",91.13,98%,07/01/2020,06/30/2021,,2.60125,28%,04/01/2018,03/31/2021,-,N,07/01/2019,06/30/2020,
190274,OCHSNER MEDICAL CENTER KENNER,35380,"New Orleans-Metairie, LA",85.25,56%,07/01/2020,06/30/2021,,N/A,N/A,04/01/2018,03/31/2021,1,N,07/01/2019,06/30/2020,
230070,COVENANT MEDICAL CENTER,40980,"Saginaw, MI",84.88,50%,07/01/2020,06/30/2021,,2.16111,71%,04/01/2018,03/31/2021,-,Y,07/01/2019,06/30/2020,
230141,MCLAREN FLINT,22420,"Flint, MI",82.44,21%,07/01/2020,06/30/2021,,2.6966,23%,04/01/2018,03/31/2021,-,N,07/01/2019,06/30/2020,*
250141,BAPTIST MEMORIAL HOSPITAL DESOTO,32820,"Memphis, TN-MS-AR",80.56,10%,07/01/2020,06/30/2021,,N/A,N/A,04/01/2018,03/31/2021,1,N,07/01/2019,06/30/2020,
260179,ST LUKES HOSPITAL,41180,"St. Louis, MO-IL",87.81,87%,07/01/2020,06/30/2021,,2.24145,62%,04/01/2018,03/31/2021,-,N,07/01/2019,06/30/2020,
280127,LINCOLN SURGICAL HOSPITAL,30700,"Lincoln, NE",92.81,99%,07/01/2020,06/30/2021,,1.82439,93%,04/01/2018,03/31/2021,-,Y,07/01/2019,06/30/2020,
310001,HACKENSACK UNIVERSITY MEDICAL CENTER,35620,"New York-Newark-Jersey City, NY-NJ-PA",81.56,15%,07/01/2020,06/30/2021,,1.94675,88%,04/01/2018,03/31/2021,-,N,07/01/2019,06/30/2020,
310002,NEWARK BETH ISRAEL MEDICAL CENTER,35620,"New York-Newark-Jersey City, NY-NJ-PA",82.38,21%,07/01/2020,06/30/2021,,2.21438,65%,04/01/2018,03/31/2021,-,N,07/01/2019,06/30/2020,
310003,HACKENSACK UMC PALISADES,35620,"New York-Newark-Jersey City, NY-NJ-PA",81.44,14%,07/01/2020,06/30/2021,,N/A,N/A,04/01/2018,03/31/2021,1,N,07/01/2019,06/30/2020,
310005,HUNTERDON MEDICAL CENTER,35620,"New York-Newark-Jersey City, NY-NJ-PA",85.06,52%,07/01/2020,06/30/2021,,1.99905,85%,04/01/2018,03/31/2021,-,N,07/01/2019,06/30/2020,
310006,ST MARY'S GENERAL HOSPITAL,35620,"New York-Newark-Jersey City, NY-NJ-PA",78.94,5%,07/01/2020,06/30/2021,,N/A,N/A,04/01/2018,03/31/2021,1,N,07/01/2019,06/30/2020,
310008,HOLY NAME MEDICAL CENTER,35620,"New York-Newark-Jersey City, NY-NJ-PA",84.94,51%,07/01/2020,06/30/2021,,3.96377,1%,04/01/2018,03/31/2021,-,N,07/01/2019,06/30/2020,
310009,CLARA MAASS MEDICAL CENTER,35620,"New York-Newark-Jersey City, NY-NJ-PA",81.44,14%,07/01/2020,06/30/2021,,2.18049,68%,04/01/2018,03/31/2021,-,N,07/01/2019,06/30/2020,
310010,UNIVERSITY MEDICAL CENTER OF PRINCETON AT PLAINSBORO,35620,"New York-Newark-Jersey City, NY-NJ-PA",86.69,76%,07/01/2020,06/30/2021,,2.12902,75%,04/01/2018,03/31/2021,-,N,07/01/2019,06/30/2020,
310012,VALLEY HOSPITAL,35620,"New York-Newark-Jersey City, NY-NJ-PA",85.56,60%,07/01/2020,06/30/2021,,1.52243,99%,04/01/2018,03/31/2021,-,N,07/01/2019,06/30/2020,
310015,MORRISTOWN MEDICAL CENTER,35620,"New York-Newark-Jersey City, NY-NJ-PA",84.94,51%,07/01/2020,06/30/2021,,2.01556,84%,04/01/2018,03/31/2021,-,Y,07/01/2019,06/30/2020,
310016,CAREPOINT HEALTH-CHRIST HOSPITAL,35620,"New York-Newark-Jersey City, NY-NJ-PA",79.25,6%,07/01/2020,06/30/2021,,N/A,N/A,04/01/2018,03/31/2021,1,N,07/01/2019,06/30/2020,
310017,CHILTON MEDICAL CENTER,35620,"New York-Newark-Jersey City, NY-NJ-PA",84.50,45%,07/01/2020,06/30/2021,,2.57445,30%,04/01/2018,03/31/2021,-,Y,07/01/2019,06/30/2020,
310019,ST JOSEPH'S REGIONAL MEDICAL CENTER,35620,"New York-Newark-Jersey City, NY-NJ-PA",80.31,9%,07/01/2020,06/30/2021,,3.21205,6%,04/01/2018,03/31/2021,-,N,07/01/2019,06/30/2020,*
310024,ROBERT WOOD JOHNSON UNIVERSITY HOSPITAL AT RAHWAY,35620,"New York-Newark-Jersey City, NY-NJ-PA",83.00,25%,07/01/2020,06/30/2021,,2.8599,14%,04/01/2018,03/31/2021,-,N,07/01/2019,06/30/2020,*
310025,CAREPOINT HEALTH - BAYONNE MEDICAL CENTER,35620,"New York-Newark-Jersey City, NY-NJ-PA",78.00,3%,07/01/2020,06/30/2021,,N/A,N/A,04/01/2018,03/31/2021,1,N,07/01/2019,06/30/2020,
310027,TRINITAS REGIONAL MEDICAL CENTER,35620,"New York-Newark-Jersey City, NY-NJ-PA",79.44,6%,07/01/2020,06/30/2021,,N/A,N/A,04/01/2018,03/31/2021,1,N,07/01/2019,06/30/2020,
310028,NEWTON MEDICAL CENTER,35620,"New York-Newark-Jersey City, NY-NJ-PA",83.00,25%,07/01/2020,06/30/2021,,2.55207,32%,04/01/2018,03/31/2021,-,Y,07/01/2019,06/30/2020,
310034,RIVERVIEW MEDICAL CENTER,35620,"New York-Newark-Jersey City, NY-NJ-PA",85.31,57%,07/01/2020,06/30/2021,,2.44059,42%,04/01/2018,03/31/2021,-,N,07/01/2019,06/30/2020,
310038,ROBERT WOOD JOHNSON UNIVERSITY HOSPITAL,35620,"New York-Newark-Jersey City, NY-NJ-PA",82.19,19%,07/01/2020,06/30/2021,,2.31036,54%,04/01/2018,03/31/2021,-,N,07/01/2019,06/30/2020,
310039,RARITAN BAY MEDICAL CENTER PERTH AMBOY DIVISION,35620,"New York-Newark-Jersey City, NY-NJ-PA",82.38,21%,07/01/2020,06/30/2021,,2.19934,67%,04/01/2018,03/31/2021,-,N,07/01/2019,06/30/2020,
310040,CAREPOINT HEALTH-HOBOKEN UNIVERSITY MEDICAL CENTER,35620,"New York-Newark-Jersey City, NY-NJ-PA",79.56,6%,07/01/2020,06/30/2021,,2.74185,20%,04/01/2018,03/31/2021,-,N,07/01/2019,06/30/2020,*
310041,COMMUNITY MEDICAL CENTER,35620,"New York-Newark-Jersey City, NY-NJ-PA",80.63,10%,07/01/2020,06/30/2021,,2.08684,78%,04/01/2018,03/31/2021,-,N,07/01/2019,06/30/2020,
310045,ENGLEWOOD HOSPITAL AND MEDICAL CENTER,35620,"New York-Newark-Jersey City, NY-NJ-PA",84.44,44%,07/01/2020,06/30/2021,,2.66316,25%,04/01/2018,03/31/2021,-,N,07/01/2019,06/30/2020,
310048,ROBERT WOOD JOHNSON UNIVERSITY HOSPITAL SOMERSET,35620,"New York-Newark-Jersey City, NY-NJ-PA",83.88,36%,07/01/2020,06/30/2021,,2.56108,31%,04/01/2018,03/31/2021,-,N,07/01/2019,06/30/2020,
310050,SAINT CLARE'S HOSPITAL,35620,"New York-Newark-Jersey City, NY-NJ-PA",83.50,31%,07/01/2020,06/30/2021,,2.38154,48%,04/01/2018,03/31/2021,-,N,07/01/2019,06/30/2020,
310051,OVERLOOK MEDICAL CENTER,35620,"New York-Newark-Jersey City, NY-NJ-PA",84.56,46%,07/01/2020,06/30/2021,,2.12615,75%,04/01/2018,03/31/2021,-,N,07/01/2019,06/30/2020,
310052,OCEAN MEDICAL CENTER,35620,"New York-Newark-Jersey City, NY-NJ-PA",82.94,25%,07/01/2020,06/30/2021,,1.82331,93%,04/01/2018,03/31/2021,-,N,07/01/2019,06/30/2020,
310054,HACKENSACK-UMC MOUNTAINSIDE,35620,"New York-Newark-Jersey City, NY-NJ-PA",82.25,20%,07/01/2020,06/30/2021,,3.66268,2%,04/01/2018,03/31/2021,-,N,07/01/2019,06/30/2020,*
310070,SAINT PETER'S UNIVERSITY HOSPITAL,35620,"New York-Newark-Jersey City, NY-NJ-PA",85.56,60%,07/01/2020,06/30/2021,,2.54534,32%,04/01/2018,03/31/2021,-,N,07/01/2019,06/30/2020,
310073,JERSEY SHORE UNIVERSITY MEDICAL CENTER,35620,"New York-Newark-Jersey City, NY-NJ-PA",82.81,24%,07/01/2020,06/30/2021,,2.3797,48%,04/01/2018,03/31/2021,-,N,07/01/2019,06/30/2020,
310074,JERSEY CITY MEDICAL CENTER,35620,"New York-Newark-Jersey City, NY-NJ-PA",82.13,19%,07/01/2020,06/30/2021,,2.80265,17%,04/01/2018,03/31/2021,-,N,07/01/2019,06/30/2020,*
310075,MONMOUTH MEDICAL CENTER,35620,"New York-Newark-Jersey City, NY-NJ-PA",84.75,49%,07/01/2020,06/30/2021,,1.62855,98%,04/01/2018,03/31/2021,-,N,07/01/2019,06/30/2020,
310076,SAINT BARNABAS MEDICAL CENTER,35620,"New York-Newark-Jersey City, NY-NJ-PA",85.13,53%,07/01/2020,06/30/2021,,2.59491,28%,04/01/2018,03/31/2021,-,N,07/01/2019,06/30/2020,
310083,EAST ORANGE GENERAL HOSPITAL,35620,"New York-Newark-Jersey City, NY-NJ-PA",73.44,0%,07/01/2020,06/30/2021,,N/A,N/A,04/01/2018,03/31/2021,1,N,07/01/2019,06/30/2020,
310084,MONMOUTH MEDICAL CENTER-SOUTHERN CAMPUS,35620,"New York-Newark-Jersey City, NY-NJ-PA",83.44,30%,07/01/2020,06/30/2021,,N/A,N/A,04/01/2018,03/31/2021,1,N,07/01/2019,06/30/2020,
310096,"SAINT MICHAEL'S MEDICAL CENTER, INC",35620,"New York-Newark-Jersey City, NY-NJ-PA",82.88,24%,07/01/2020,06/30/2021,,N/A,N/A,04/01/2018,03/31/2021,1,N,07/01/2019,06/30/2020,
310108,JFK MEDICAL CTR - ANTHONY M. YELENCSICS COMMUNITY,35620,"New York-Newark-Jersey City, NY-NJ-PA",79.50,6%,07/01/2020,06/30/2021,,2.73386,20%,04/01/2018,03/31/2021,-,N,07/01/2019,06/30/2020,*
310111,CENTRASTATE MEDICAL CENTER,35620,"New York-Newark-Jersey City, NY-NJ-PA",82.06,18%,07/01/2020,06/30/2021,,3.11767,7%,04/01/2018,03/31/2021,-,N,07/01/2019,06/30/2020,*
310112,BAYSHORE COMMUNITY HOSPITAL,35620,"New York-Newark-Jersey City, NY-NJ-PA",83.75,34%,07/01/2020,06/30/2021,,2.51477,34%,04/01/2018,03/31/2021,-,Y,07/01/2019,06/30/2020,
310113,SOUTHERN OCEAN MEDICAL CENTER,35620,"New York-Newark-Jersey City, NY-NJ-PA",82.31,21%,07/01/2020,06/30/2021,,2.31326,54%,04/01/2018,03/31/2021,-,N,07/01/2019,06/30/2020,
310118,HUDSON REGIONAL HOSPITAL,35620,"New York-Newark-Jersey City, NY-NJ-PA",81.25,13%,07/01/2020,06/30/2021,,2.25509,60%,04/01/2018,03/31/2021,-,N,07/01/2019,06/30/2020,
310119,UNIVERSITY HOSPITAL,35620,"New York-Newark-Jersey City, NY-NJ-PA",77.63,3%,07/01/2020,06/30/2021,,N/A,N/A,04/01/2018,03/31/2021,1,N,07/01/2019,06/30/2020,
310130,HACKENSACK-UMC AT PASCACK VALLEY,35620,"New York-Newark-Jersey City, NY-NJ-PA",83.94,37%,07/01/2020,06/30/2021,,3.78255,1%,04/01/2018,03/31/2021,-,N,07/01/2019,06/30/2020,*
320021,PRESBYTERIAN HOSPITAL,10740,"Albuquerque, NM",85.13,53%,07/01/2020,06/30/2021,,2.02661,83%,04/01/2018,03/31/2021,-,N,07/01/2019,06/30/2020,
330006,ST JOSEPH'S MEDICAL CENTER,35620,"New York-Newark-Jersey City, NY-NJ-PA",84.31,42%,07/01/2020,06/30/2021,,N/A,N/A,04/01/2018,03/31/2021,1,N,07/01/2019,06/30/2020,
330009,BRONX-LEBANON HOSPITAL CENTER,35620,"New York-Newark-Jersey City, NY-NJ-PA",76.56,2%,07/01/2020,06/30/2021,,N/A,N/A,04/01/2018,03/31/2021,1,N,07/01/2019,06/30/2020,
330014,JAMAICA HOSPITAL MEDICAL CENTER,35620,"New York-Newark-Jersey City, NY-NJ-PA",77.50,3%,07/01/2020,06/30/2021,,N/A,N/A,04/01/2018,03/31/2021,1,N,07/01/2019,06/30/2020,
330019,"NEW YORK COMMUNITY HOSPITAL OF BROOKLYN, INC.",35620,"New York-Newark-Jersey City, NY-NJ-PA",78.56,4%,07/01/2020,06/30/2021,,N/A,N/A,04/01/2018,03/31/2021,1,N,07/01/2019,06/30/2020,
330023,VASSAR BROTHERS MEDICAL CENTER,35620,"New York-Newark-Jersey City, NY-NJ-PA",81.88,17%,07/01/2020,06/30/2021,,2.17605,69%,04/01/2018,03/31/2021,-,N,07/01/2019,06/30/2020,
330024,MOUNT SINAI HOSPITAL,35620,"New York-Newark-Jersey City, NY-NJ-PA",84.19,41%,07/01/2020,06/30/2021,,2.42925,43%,04/01/2018,03/31/2021,-,N,07/01/2019,06/30/2020,
330027,NASSAU UNIVERSITY MEDICAL CENTER,35620,"New York-Newark-Jersey City, NY-NJ-PA",73.69,0%,07/01/2020,06/30/2021,,N/A,N/A,04/01/2018,03/31/2021,1,N,07/01/2019,06/30/2020,
330028,RICHMOND UNIVERSITY MEDICAL CENTER,35620,"New York-Newark-Jersey City, NY-NJ-PA",80.00,8%,07/01/2020,06/30/2021,,2.71251,22%,04/01/2018,03/31/2021,-,N,07/01/2019,06/30/2020,*
330043,SOUTHSIDE HOSPITAL,35620,"New York-Newark-Jersey City, NY-NJ-PA",83.75,34%,07/01/2020,06/30/2021,,1.3621,100%,04/01/2018,03/31/2021,-,N,07/01/2019,06/30/2020,
330045,HUNTINGTON HOSPITAL,35620,"New York-Newark-Jersey City, NY-NJ-PA",86.13,69%,07/01/2020,06/30/2021,,1.79626,94%,04/01/2018,03/31/2021,-,N,07/01/2019,06/30/2020,
330049,NORTHERN DUTCHESS HOSPITAL,35620,"New York-Newark-Jersey City, NY-NJ-PA",86.25,71%,07/01/2020,06/30/2021,,1.98496,86%,04/01/2018,03/31/2021,-,N,07/01/2019,06/30/2020,
330056,BROOKLYN HOSPITAL CENTER AT DOWNTOWN CAMPUS,35620,"New York-Newark-Jersey City, NY-NJ-PA",78.88,5%,07/01/2020,06/30/2021,,2.31919,54%,04/01/2018,03/31/2021,-,N,07/01/2019,06/30/2020,
330078,SISTERS OF CHARITY HOSPITAL,15380,"Buffalo-Cheektowaga-Niagara Falls, NY",84.13,40%,07/01/2020,06/30/2021,,2.17746,69%,04/01/2018,03/31/2021,-,N,07/01/2019,06/30/2020,
330101,NEW YORK-PRESBYTERIAN HOSPITAL,35620,"New York-Newark-Jersey City, NY-NJ-PA",84.38,43%,07/01/2020,06/30/2021,,2.51855,34%,04/01/2018,03/31/2021,-,N,07/01/2019,06/30/2020,
330102,KENMORE MERCY HOSPITAL,15380,"Buffalo-Cheektowaga-Niagara Falls, NY",85.56,60%,07/01/2020,06/30/2021,,1.80547,93%,04/01/2018,03/31/2021,-,N,07/01/2019,06/30/2020,
330104,MONTEFIORE NYACK HOSPITAL,35620,"New York-Newark-Jersey City, NY-NJ-PA",80.19,8%,07/01/2020,06/30/2021,,2.06063,80%,04/01/2018,03/31/2021,-,N,07/01/2019,06/30/2020,
330106,NORTH SHORE UNIVERSITY HOSPITAL,35620,"New York-Newark-Jersey City, NY-NJ-PA",85.56,60%,07/01/2020,06/30/2021,,2.03189,83%,04/01/2018,03/31/2021,-,N,07/01/2019,06/30/2020,
330107,PECONIC BAY MEDICAL CENTER,35620,"New York-Newark-Jersey City, NY-NJ-PA",83.38,29%,07/01/2020,06/30/2021,,1.4518,100%,04/01/2018,03/31/2021,-,N,07/01/2019,06/30/2020,
330126,ORANGE REGIONAL MEDICAL CENTER,35620,"New York-Newark-Jersey City, NY-NJ-PA",83.38,29%,07/01/2020,06/30/2021,,2.34336,52%,04/01/2018,03/31/2021,-,N,07/01/2019,06/30/2020,
330127,JACOBI MEDICAL CENTER,35620,"New York-Newark-Jersey City, NY-NJ-PA",77.75,3%,07/01/2020,06/30/2021,,N/A,N/A,04/01/2018,03/31/2021,5,N,07/01/2019,06/30/2020,
330128,ELMHURST HOSPITAL CENTER,35620,"New York-Newark-Jersey City, NY-NJ-PA",81.50,15%,07/01/2020,06/30/2021,,N/A,N/A,04/01/2018,03/31/2021,1,N,07/01/2019,06/30/2020,
330141,BROOKHAVEN MEMORIAL HOSPITAL MEDICAL CENTER,35620,"New York-Newark-Jersey City, NY-NJ-PA",75.25,1%,07/01/2020,06/30/2021,,2.55576,31%,04/01/2018,03/31/2021,-,N,07/01/2019,06/30/2020,
330158,GOOD SAMARITAN HOSPITAL OF SUFFERN,35620,"New York-Newark-Jersey City, NY-NJ-PA",81.38,14%,07/01/2020,06/30/2021,,2.16066,71%,04/01/2018,03/31/2021,-,N,07/01/2019,06/30/2020,
330160,STATEN ISLAND UNIVERSITY HOSPITAL,35620,"New York-Newark-Jersey City, NY-NJ-PA",82.94,25%,07/01/2020,06/30/2021,,2.14668,73%,04/01/2018,03/31/2021,-,N,07/01/2019,06/30/2020,
330162,NORTHERN WESTCHESTER HOSPITAL,35620,"New York-Newark-Jersey City, NY-NJ-PA",85.44,59%,07/01/2020,06/30/2021,,3.05047,8%,04/01/2018,03/31/2021,-,N,07/01/2019,06/30/2020,
330181,GLEN COVE HOSPITAL,35620,"New York-Newark-Jersey City, NY-NJ-PA",85.94,66%,07/01/2020,06/30/2021,,N/A,N/A,04/01/2018,03/31/2021,5,N,07/01/2019,06/30/2020,
330182,"ST FRANCIS HOSPITAL, ROSLYN",35620,"New York-Newark-Jersey City, NY-NJ-PA",88.38,90%,07/01/2020,06/30/2021,,1.86292,91%,04/01/2018,03/31/2021,-,Y,07/01/2019,06/30/2020,
330185,JOHN T MATHER MEMORIAL HOSPITAL  OF PORT JEFFERSON,35620,"New York-Newark-Jersey City, NY-NJ-PA",89.00,93%,07/01/2020,06/30/2021,,3.38615,4%,04/01/2018,03/31/2021,-,N,07/01/2019,06/30/2020,
330188,MOUNT ST MARY'S HOSPITAL AND  HEALTH CENTER,15380,"Buffalo-Cheektowaga-Niagara Falls, NY",82.94,25%,07/01/2020,06/30/2021,,2.16944,70%,04/01/2018,03/31/2021,-,N,07/01/2019,06/30/2020,
330193,FLUSHING HOSPITAL MEDICAL CENTER,35620,"New York-Newark-Jersey City, NY-NJ-PA",79.44,6%,07/01/2020,06/30/2021,,N/A,N/A,04/01/2018,03/31/2021,1,N,07/01/2019,06/30/2020,
330194,MAIMONIDES MEDICAL CENTER,35620,"New York-Newark-Jersey City, NY-NJ-PA",74.63,1%,07/01/2020,06/30/2021,,2.39323,46%,04/01/2018,03/31/2021,-,N,07/01/2019,06/30/2020,
330195,LONG ISLAND JEWISH MEDICAL CENTER,35620,"New York-Newark-Jersey City, NY-NJ-PA",83.25,28%,07/01/2020,06/30/2021,,2.16281,71%,04/01/2018,03/31/2021,-,N,07/01/2019,06/30/2020,
330196,CONEY ISLAND HOSPITAL,35620,"New York-Newark-Jersey City, NY-NJ-PA",80.44,10%,07/01/2020,06/30/2021,,N/A,N/A,04/01/2018,03/31/2021,1,N,07/01/2019,06/30/2020,
330198,SOUTH NASSAU COMMUNITIES HOSPITAL,35620,"New York-Newark-Jersey City, NY-NJ-PA",81.00,12%,07/01/2020,06/30/2021,,2.48525,37%,04/01/2018,03/31/2021,-,N,07/01/2019,06/30/2020,
330201,KINGSBROOK JEWISH MEDICAL CENTER,35620,"New York-Newark-Jersey City, NY-NJ-PA",N/A,N/A,07/01/2020,06/30/2021,***,N/A,N/A,04/01/2018,03/31/2021,1,N,07/01/2019,06/30/2020,**
330202,KINGS COUNTY HOSPITAL CENTER,35620,"New York-Newark-Jersey City, NY-NJ-PA",81.50,15%,07/01/2020,06/30/2021,,N/A,N/A,04/01/2018,03/31/2021,1,N,07/01/2019,06/30/2020,
330204,BELLEVUE HOSPITAL CENTER,35620,"New York-Newark-Jersey City, NY-NJ-PA",79.25,6%,07/01/2020,06/30/2021,,N/A,N/A,04/01/2018,03/31/2021,1,N,07/01/2019,06/30/2020,
330205,ST ANTHONY COMMUNITY HOSPITAL,35620,"New York-Newark-Jersey City, NY-NJ-PA",86.06,68%,07/01/2020,06/30/2021,,2.00708,84%,04/01/2018,03/31/2021,-,N,07/01/2019,06/30/2020,
330214,NYU LANGONE HOSPITALS,35620,"New York-Newark-Jersey City, NY-NJ-PA",84.31,42%,07/01/2020,06/30/2021,,2.75906,19%,04/01/2018,03/31/2021,-,N,07/01/2019,06/30/2020,
330221,WYCKOFF HEIGHTS MEDICAL CENTER,35620,"New York-Newark-Jersey City, NY-NJ-PA",78.13,4%,07/01/2020,06/30/2021,,N/A,N/A,04/01/2018,03/31/2021,1,N,07/01/2019,06/30/2020,
330234,WESTCHESTER MEDICAL CENTER,35620,"New York-Newark-Jersey City, NY-NJ-PA",78.44,4%,07/01/2020,06/30/2021,,2.75955,19%,04/01/2018,03/31/2021,-,N,07/01/2019,06/30/2020,*
330236,NEW YORK METHODIST HOSPITAL,35620,"New York-Newark-Jersey City, NY-NJ-PA",83.81,35%,07/01/2020,06/30/2021,,2.85409,15%,04/01/2018,03/31/2021,-,N,07/01/2019,06/30/2020,
330246,ST CHARLES HOSPITAL,35620,"New York-Newark-Jersey City, NY-NJ-PA",85.81,64%,07/01/2020,06/30/2021,,2.06033,80%,04/01/2018,03/31/2021,-,N,07/01/2019,06/30/2020,
330259,MERCY MEDICAL CENTER,35620,"New York-Newark-Jersey City, NY-NJ-PA",83.06,26%,07/01/2020,06/30/2021,,2.51463,34%,04/01/2018,03/31/2021,-,Y,07/01/2019,06/30/2020,
330261,PHELPS MEMORIAL HOSPITAL ASSOCIATION,35620,"New York-Newark-Jersey City, NY-NJ-PA",84.31,42%,07/01/2020,06/30/2021,,1.96487,87%,04/01/2018,03/31/2021,-,N,07/01/2019,06/30/2020,
330264,ST LUKE'S CORNWALL HOSPITAL,35620,"New York-Newark-Jersey City, NY-NJ-PA",81.94,18%,07/01/2020,06/30/2021,,2.30086,55%,04/01/2018,03/31/2021,-,N,07/01/2019,06/30/2020,
330267,NEW YORK-PRESBYTERIAN/HUDSON VALLEY HOSPITAL,35620,"New York-Newark-Jersey City, NY-NJ-PA",86.00,67%,07/01/2020,06/30/2021,,2.62604,27%,04/01/2018,03/31/2021,-,N,07/01/2019,06/30/2020,
330270,HOSPITAL FOR SPECIAL SURGERY,35620,"New York-Newark-Jersey City, NY-NJ-PA",89.69,95%,07/01/2020,06/30/2021,,1.79782,93%,04/01/2018,03/31/2021,-,N,07/01/2019,06/30/2020,
330273,PUTNAM HOSPITAL CENTER,35620,"New York-Newark-Jersey City, NY-NJ-PA",83.44,30%,07/01/2020,06/30/2021,,2.34448,51%,04/01/2018,03/31/2021,-,N,07/01/2019,06/30/2020,
330279,MERCY HOSPITAL OF BUFFALO,15380,"Buffalo-Cheektowaga-Niagara Falls, NY",84.13,40%,07/01/2020,06/30/2021,,2.18888,68%,04/01/2018,03/31/2021,-,N,07/01/2019,06/30/2020,
330286,GOOD SAMARITAN HOSPITAL MEDICAL CENTER,35620,"New York-Newark-Jersey City, NY-NJ-PA",81.88,17%,07/01/2020,06/30/2021,,2.30457,55%,04/01/2018,03/31/2021,-,Y,07/01/2019,06/30/2020,
330331,PLAINVIEW HOSPITAL,35620,"New York-Newark-Jersey City, NY-NJ-PA",84.50,45%,07/01/2020,06/30/2021,,2.56675,30%,04/01/2018,03/31/2021,-,N,07/01/2019,06/30/2020,
330332,ST JOSEPH HOSPITAL,35620,"New York-Newark-Jersey City, NY-NJ-PA",83.38,29%,07/01/2020,06/30/2021,,N/A,N/A,04/01/2018,03/31/2021,1,N,07/01/2019,06/30/2020,
330350,UNIVERSITY HOSPITAL OF BROOKLYN ( DOWNSTATE ),35620,"New York-Newark-Jersey City, NY-NJ-PA",80.25,9%,07/01/2020,06/30/2021,,N/A,N/A,04/01/2018,03/31/2021,1,N,07/01/2019,06/30/2020,
330393,UNIVERSITY HOSPITAL ( STONY BROOK ),35620,"New York-Newark-Jersey City, NY-NJ-PA",83.69,33%,07/01/2020,06/30/2021,,2.48092,37%,04/01/2018,03/31/2021,-,N,07/01/2019,06/30/2020,
330395,ST JOHN'S EPISCOPAL HOSPITAL AT SOUTH SHORE,35620,"New York-Newark-Jersey City, NY-NJ-PA",78.94,5%,07/01/2020,06/30/2021,,N/A,N/A,04/01/2018,03/31/2021,1,N,07/01/2019,06/30/2020,
330401,ST CATHERINE OF SIENA HOSPITAL,35620,"New York-Newark-Jersey City, NY-NJ-PA",81.19,13%,07/01/2020,06/30/2021,,2.01451,84%,04/01/2018,03/31/2021,-,N,07/01/2019,06/30/2020,
340002,MEMORIAL MISSION HOSPITAL AND ASHEVILLE SURGERY CENTER,11700,"Asheville, NC",81.56,15%,07/01/2020,06/30/2021,,1.52938,99%,04/01/2018,03/31/2021,-,Y,07/01/2019,06/30/2020,
340017,MARGARET R PARDEE MEMORIAL HOSPITAL,11700,"Asheville, NC",86.06,68%,07/01/2020,06/30/2021,,3.15828,7%,04/01/2018,03/31/2021,-,N,07/01/2019,06/30/2020,
340023,PARK RIDGE HEALTH,11700,"Asheville, NC",88.31,90%,07/01/2020,06/30/2021,,1.93823,88%,04/01/2018,03/31/2021,-,N,07/01/2019,06/30/2020,
340040,VIDANT MEDICAL CENTER,24780,"Greenville, NC",83.63,32%,07/01/2020,06/30/2021,,2.13885,74%,04/01/2018,03/31/2021,-,Y,07/01/2019,06/30/2020,
340184,HAYWOOD REGIONAL MEDICAL CENTER,11700,"Asheville, NC",84.19,41%,07/01/2020,06/30/2021,,2.2846,57%,04/01/2018,03/31/2021,-,N,07/01/2019,06/30/2020,
360001,MERCY HOSPITAL ANDERSON,17140,"Cincinnati, OH-KY-IN",83.31,29%,07/01/2020,06/30/2021,,2.80155,17%,04/01/2018,03/31/2021,-,N,07/01/2019,06/30/2020,*
360003,"UNIVERSITY OF CINCINNATI MEDICAL CENTER, LLC",17140,"Cincinnati, OH-KY-IN",84.31,42%,07/01/2020,06/30/2021,,N/A,N/A,04/01/2018,03/31/2021,1,N,07/01/2019,06/30/2020,
360016,"JEWISH HOSPITAL, LLC",17140,"Cincinnati, OH-KY-IN",85.56,60%,07/01/2020,06/30/2021,,3.02375,9%,04/01/2018,03/31/2021,-,N,07/01/2019,06/30/2020,
360020,SUMMA HEALTH SYSTEM,10420,"Akron, OH",84.06,39%,07/01/2020,06/30/2021,,2.34571,51%,04/01/2018,03/31/2021,-,N,07/01/2019,06/30/2020,
360027,AKRON GENERAL MEDICAL CENTER,10420,"Akron, OH",83.44,30%,07/01/2020,06/30/2021,,2.65573,25%,04/01/2018,03/31/2021,-,N,07/01/2019,06/30/2020,*
360046,MCCULLOUGH-HYDE MEMORIAL HOSPITAL,17140,"Cincinnati, OH-KY-IN",87.69,86%,07/01/2020,06/30/2021,,2.45036,40%,04/01/2018,03/31/2021,-,N,07/01/2019,06/30/2020,
360048,UNIVERSITY OF TOLEDO MEDICAL CENTER,45780,"Toledo, OH",81.81,17%,07/01/2020,06/30/2021,,2.03886,83%,04/01/2018,03/31/2021,-,N,07/01/2019,06/30/2020,
360056,MERCY HOSPITAL FAIRFIELD,17140,"Cincinnati, OH-KY-IN",85.31,57%,07/01/2020,06/30/2021,,2.0437,82%,04/01/2018,03/31/2021,-,N,07/01/2019,06/30/2020,
360076,ATRIUM MEDICAL CENTER,17140,"Cincinnati, OH-KY-IN",84.75,49%,07/01/2020,06/30/2021,,2.65476,25%,04/01/2018,03/31/2021,-,Y,07/01/2019,06/30/2020,
360078,ROBINSON MEMORIAL HOSPITAL,10420,"Akron, OH",86.50,74%,07/01/2020,06/30/2021,,2.21501,64%,04/01/2018,03/31/2021,-,N,07/01/2019,06/30/2020,
360081,MERCY ST CHARLES HOSPITAL,45780,"Toledo, OH",85.00,52%,07/01/2020,06/30/2021,,1.9658,87%,04/01/2018,03/31/2021,-,N,07/01/2019,06/30/2020,
360090,MCLAREN ST LUKE'S HOSPITAL,45780,"Toledo, OH",84.75,49%,07/01/2020,06/30/2021,,2.27709,58%,04/01/2018,03/31/2021,-,N,07/01/2019,06/30/2020,
360112,MERCY ST VINCENT MEDICAL CENTER,45780,"Toledo, OH",84.31,42%,07/01/2020,06/30/2021,,2.44253,41%,04/01/2018,03/31/2021,-,N,07/01/2019,06/30/2020,
360132,FORT HAMILTON HUGHES MEMORIAL HOSPITAL,17140,"Cincinnati, OH-KY-IN",85.50,59%,07/01/2020,06/30/2021,,2.75827,19%,04/01/2018,03/31/2021,-,N,07/01/2019,06/30/2020,
360134,GOOD SAMARITAN HOSPITAL,17140,"Cincinnati, OH-KY-IN",86.25,71%,07/01/2020,06/30/2021,,2.55938,31%,04/01/2018,03/31/2021,-,N,07/01/2019,06/30/2020,
360150,SUMMA WESTERN RESERVE HOSPITAL,10420,"Akron, OH",88.38,90%,07/01/2020,06/30/2021,,2.85284,15%,04/01/2018,03/31/2021,-,N,07/01/2019,06/30/2020,
360163,CHRIST HOSPITAL,17140,"Cincinnati, OH-KY-IN",86.94,79%,07/01/2020,06/30/2021,,1.80812,93%,04/01/2018,03/31/2021,-,N,07/01/2019,06/30/2020,
360179,BETHESDA NORTH,17140,"Cincinnati, OH-KY-IN",83.56,32%,07/01/2020,06/30/2021,,2.25587,60%,04/01/2018,03/31/2021,-,N,07/01/2019,06/30/2020,
360234,MERCY HEALTH - WEST HOSPITAL,17140,"Cincinnati, OH-KY-IN",86.19,70%,07/01/2020,06/30/2021,,2.23604,62%,04/01/2018,03/31/2021,-,N,07/01/2019,06/30/2020,
360236,MERCY HOSPITAL CLERMONT,17140,"Cincinnati, OH-KY-IN",83.69,33%,07/01/2020,06/30/2021,,2.44493,41%,04/01/2018,03/31/2021,-,N,07/01/2019,06/30/2020,
360259,BAY PARK COMMUNITY HOSPITAL,45780,"Toledo, OH",86.13,69%,07/01/2020,06/30/2021,,2.43939,42%,04/01/2018,03/31/2021,-,N,07/01/2019,06/30/2020,
360262,MERCY ST ANNE HOSPITAL,45780,"Toledo, OH",86.81,78%,07/01/2020,06/30/2021,,2.46427,39%,04/01/2018,03/31/2021,-,N,07/01/2019,06/30/2020,
360351,CRYSTAL CLINIC ORTHOPAEDIC CENTER,10420,"Akron, OH",91.13,98%,07/01/2020,06/30/2021,,1.63438,97%,04/01/2018,03/31/2021,-,N,07/01/2019,06/30/2020,
360354,"WEST CHESTER HOSPITAL, LLC",17140,"Cincinnati, OH-KY-IN",85.69,62%,07/01/2020,06/30/2021,,2.20481,66%,04/01/2018,03/31/2021,-,N,07/01/2019,06/30/2020,
370008,NORMAN REGIONAL HOSPITAL AUTHORITY,36420,"Oklahoma City, OK",84.25,42%,07/01/2020,06/30/2021,,2.23506,62%,04/01/2018,03/31/2021,-,N,07/01/2019,06/30/2020,
370013,"MERCY HOSPITAL OKLAHOMA CITY, INC",36420,"Oklahoma City, OK",83.06,26%,07/01/2020,06/30/2021,,3.20651,6%,04/01/2018,03/31/2021,-,N,07/01/2019,06/30/2020,*
370028,INTEGRIS BAPTIST MEDICAL CENTER,36420,"Oklahoma City, OK",84.94,51%,07/01/2020,06/30/2021,,3.24046,5%,04/01/2018,03/31/2021,-,N,07/01/2019,06/30/2020,
370037,ST ANTHONY HOSPITAL,36420,"Oklahoma City, OK",83.63,32%,07/01/2020,06/30/2021,,2.00275,85%,04/01/2018,03/31/2021,-,N,07/01/2019,06/30/2020,
370093,O U MEDICAL CENTER,36420,"Oklahoma City, OK",78.94,5%,07/01/2020,06/30/2021,,3.43193,3%,04/01/2018,03/31/2021,-,N,07/01/2019,06/30/2020,*
370094,ALLIANCEHEALTH MIDWEST,36420,"Oklahoma City, OK",76.81,2%,07/01/2020,06/30/2021,,2.4995,35%,04/01/2018,03/31/2021,-,N,07/01/2019,06/30/2020,
370106,INTEGRIS SOUTHWEST MEDICAL CENTER,36420,"Oklahoma City, OK",83.38,29%,07/01/2020,06/30/2021,,2.36887,49%,04/01/2018,03/31/2021,-,N,07/01/2019,06/30/2020,
370192,NORTHWEST SURGICAL HOSPITAL,36420,"Oklahoma City, OK",N/A,N/A,07/01/2020,06/30/2021,***,N/A,N/A,04/01/2018,03/31/2021,1,N,07/01/2019,06/30/2020,
370201,"SURGICAL HOSPITAL OF OKLAHOMA, LLC",36420,"Oklahoma City, OK",N/A,N/A,07/01/2020,06/30/2021,***,2.43493,42%,04/01/2018,03/31/2021,-,N,07/01/2019,06/30/2020,
370203,"COMMUNITY HOSPITAL, LLC",36420,"Oklahoma City, OK",88.94,93%,07/01/2020,06/30/2021,,2.27312,58%,04/01/2018,03/31/2021,-,Y,07/01/2019,06/30/2020,
370211,INTEGRIS CANADIAN VALLEY  HOSPITAL,36420,"Oklahoma City, OK",84.00,38%,07/01/2020,06/30/2021,,2.39931,46%,04/01/2018,03/31/2021,-,N,07/01/2019,06/30/2020,
370212,OKLAHOMA CENTER FOR ORTHOPAEDIC & MULTI-SPECIALTY SURGERY,36420,"Oklahoma City, OK",92.81,99%,07/01/2020,06/30/2021,,1.90693,90%,04/01/2018,03/31/2021,-,N,07/01/2019,06/30/2020,
370220,ONECORE HEALTH,36420,"Oklahoma City, OK",90.75,97%,07/01/2020,06/30/2021,,2.63938,26%,04/01/2018,03/31/2021,-,N,07/01/2019,06/30/2020,
370222,MCBRIDE ORTHOPEDIC HOSPITAL,36420,"Oklahoma City, OK",90.56,97%,07/01/2020,06/30/2021,,2.59873,28%,04/01/2018,03/31/2021,-,N,07/01/2019,06/30/2020,
370225,SUMMIT MEDICAL CENTER,36420,"Oklahoma City, OK",90.81,97%,07/01/2020,06/30/2021,,2.36479,50%,04/01/2018,03/31/2021,-,N,07/01/2019,06/30/2020,
370236,INTEGRIS HEALTH EDMOND,36420,"Oklahoma City, OK",85.75,63%,07/01/2020,06/30/2021,,2.21582,64%,04/01/2018,03/31/2021,-,N,07/01/2019,06/30/2020,
380004,PROVIDENCE ST VINCENT MEDICAL CENTER,38900,"Portland-Vancouver-Hillsboro, OR-WA",86.94,79%,07/01/2020,06/30/2021,,2.29084,56%,04/01/2018,03/31/2021,-,N,07/01/2019,06/30/2020,
380009,OHSU HOSPITAL AND CLINICS,38900,"Portland-Vancouver-Hillsboro, OR-WA",86.81,78%,07/01/2020,06/30/2021,,1.76279,95%,04/01/2018,03/31/2021,-,N,07/01/2019,06/30/2020,
380017,LEGACY GOOD SAMARITAN MEDICAL CENTER,38900,"Portland-Vancouver-Hillsboro, OR-WA",88.44,91%,07/01/2020,06/30/2021,,1.90173,90%,04/01/2018,03/31/2021,-,Y,07/01/2019,06/30/2020,
380025,LEGACY MOUNT HOOD MEDICAL CENTER,38900,"Portland-Vancouver-Hillsboro, OR-WA",86.50,74%,07/01/2020,06/30/2021,,2.62932,27%,04/01/2018,03/31/2021,-,N,07/01/2019,06/30/2020,
380037,PROVIDENCE NEWBERG MEDICAL CENTER,38900,"Portland-Vancouver-Hillsboro, OR-WA",86.44,73%,07/01/2020,06/30/2021,,2.75904,19%,04/01/2018,03/31/2021,-,N,07/01/2019,06/30/2020,
380038,PROVIDENCE WILLAMETTE FALLS MEDICAL CENTER,38900,"Portland-Vancouver-Hillsboro, OR-WA",85.25,56%,07/01/2020,06/30/2021,,2.68079,23%,04/01/2018,03/31/2021,-,N,07/01/2019,06/30/2020,
380061,PROVIDENCE PORTLAND MEDICAL CENTER,38900,"Portland-Vancouver-Hillsboro, OR-WA",86.06,68%,07/01/2020,06/30/2021,,2.46668,39%,04/01/2018,03/31/2021,-,N,07/01/2019,06/30/2020,
380082,PROVIDENCE MILWAUKIE HOSPITAL,38900,"Portland-Vancouver-Hillsboro, OR-WA",86.56,75%,07/01/2020,06/30/2021,,2.33901,52%,04/01/2018,03/31/2021,-,N,07/01/2019,06/30/2020,
380089,LEGACY MERIDIAN PARK MEDICAL CENTER,38900,"Portland-Vancouver-Hillsboro, OR-WA",87.13,81%,07/01/2020,06/30/2021,,2.13755,74%,04/01/2018,03/31/2021,-,N,07/01/2019,06/30/2020,
390002,UPMC MCKEESPORT,38300,"Pittsburgh, PA",82.94,25%,07/01/2020,06/30/2021,,N/A,N/A,04/01/2018,03/31/2021,1,N,07/01/2019,06/30/2020,
390004,HOLY SPIRIT HOSPITAL,25420,"Harrisburg-Carlisle, PA",83.69,33%,07/01/2020,06/30/2021,,3.14863,7%,04/01/2018,03/31/2021,-,N,07/01/2019,06/30/2020,*
390028,UPMC MERCY,38300,"Pittsburgh, PA",83.38,29%,07/01/2020,06/30/2021,,2.24205,61%,04/01/2018,03/31/2021,-,N,07/01/2019,06/30/2020,
390032,ALLEGHENY VALLEY HOSPITAL,38300,"Pittsburgh, PA",84.00,38%,07/01/2020,06/30/2021,,2.88944,13%,04/01/2018,03/31/2021,-,Y,07/01/2019,06/30/2020,
390036,HERITAGE VALLEY BEAVER,38300,"Pittsburgh, PA",84.63,47%,07/01/2020,06/30/2021,,2.30594,55%,04/01/2018,03/31/2021,-,N,07/01/2019,06/30/2020,
390037,HERITAGE VALLEY SEWICKLEY,38300,"Pittsburgh, PA",87.50,85%,07/01/2020,06/30/2021,,2.10608,76%,04/01/2018,03/31/2021,-,N,07/01/2019,06/30/2020,
390041,UNIONTOWN HOSPITAL,38300,"Pittsburgh, PA",82.56,22%,07/01/2020,06/30/2021,,2.52811,34%,04/01/2018,03/31/2021,-,N,07/01/2019,06/30/2020,
390042,"WASHINGTON HOSPITAL, THE",38300,"Pittsburgh, PA",86.38,72%,07/01/2020,06/30/2021,,2.1666,70%,04/01/2018,03/31/2021,-,N,07/01/2019,06/30/2020,
390044,READING HOSPITAL,39740,"Reading, PA",85.38,58%,07/01/2020,06/30/2021,,1.58201,98%,04/01/2018,03/31/2021,-,N,07/01/2019,06/30/2020,
390050,ALLEGHENY GENERAL HOSPITAL,38300,"Pittsburgh, PA",84.81,50%,07/01/2020,06/30/2021,,2.91883,12%,04/01/2018,03/31/2021,-,N,07/01/2019,06/30/2020,
390058,CARLISLE REGIONAL MEDICAL CENTER,25420,"Harrisburg-Carlisle, PA",85.69,62%,07/01/2020,06/30/2021,,1.80886,93%,04/01/2018,03/31/2021,-,N,07/01/2019,06/30/2020,
390067,PINNACLE HEALTH HOSPITALS,25420,"Harrisburg-Carlisle, PA",85.88,65%,07/01/2020,06/30/2021,,2.26127,60%,04/01/2018,03/31/2021,-,N,07/01/2019,06/30/2020,
390090,WESTERN PENNSYLVANIA HOSPITAL,38300,"Pittsburgh, PA",85.50,59%,07/01/2020,06/30/2021,,2.48891,37%,04/01/2018,03/31/2021,-,N,07/01/2019,06/30/2020,
390102,UPMC ST MARGARET,38300,"Pittsburgh, PA",86.44,73%,07/01/2020,06/30/2021,,2.55992,31%,04/01/2018,03/31/2021,-,N,07/01/2019,06/30/2020,
390107,UPMC PASSAVANT,38300,"Pittsburgh, PA",86.88,78%,07/01/2020,06/30/2021,,2.03594,83%,04/01/2018,03/31/2021,-,N,07/01/2019,06/30/2020,
390114,MAGEE WOMENS HOSPITAL OF UPMC HEALTH SYSTEM,38300,"Pittsburgh, PA",87.69,86%,07/01/2020,06/30/2021,,2.28268,57%,04/01/2018,03/31/2021,-,Y,07/01/2019,06/30/2020,
390145,EXCELA HEALTH WESTMORELAND HOSPITAL,38300,"Pittsburgh, PA",84.31,42%,07/01/2020,06/30/2021,,1.95906,87%,04/01/2018,03/31/2021,-,N,07/01/2019,06/30/2020,
390147,MONONGAHELA VALLEY HOSPITAL,38300,"Pittsburgh, PA",85.19,54%,07/01/2020,06/30/2021,,2.3026,55%,04/01/2018,03/31/2021,-,N,07/01/2019,06/30/2020,
390157,HERITAGE VALLEY KENNEDY,38300,"Pittsburgh, PA",81.94,18%,07/01/2020,06/30/2021,,2.24886,61%,04/01/2018,03/31/2021,-,N,07/01/2019,06/30/2020,
390160,CANONSBURG GENERAL HOSPITAL,38300,"Pittsburgh, PA",85.44,59%,07/01/2020,06/30/2021,,N/A,N/A,04/01/2018,03/31/2021,1,N,07/01/2019,06/30/2020,
390164,UPMC PRESBYTERIAN SHADYSIDE,38300,"Pittsburgh, PA",87.44,84%,07/01/2020,06/30/2021,,2.28249,57%,04/01/2018,03/31/2021,-,N,07/01/2019,06/30/2020,
390219,EXCELA HEALTH LATROBE HOSPITAL,38300,"Pittsburgh, PA",83.94,37%,07/01/2020,06/30/2021,,2.81063,17%,04/01/2018,03/31/2021,-,N,07/01/2019,06/30/2020,*
390228,ST CLAIR HOSPITAL,38300,"Pittsburgh, PA",87.06,80%,07/01/2020,06/30/2021,,1.92262,89%,04/01/2018,03/31/2021,-,N,07/01/2019,06/30/2020,
390256,MILTON S HERSHEY MEDICAL CENTER,25420,"Harrisburg-Carlisle, PA",86.13,69%,07/01/2020,06/30/2021,,2.54528,32%,04/01/2018,03/31/2021,-,N,07/01/2019,06/30/2020,
390265,JEFFERSON REGIONAL MEDICAL CENTER,38300,"Pittsburgh, PA",85.63,61%,07/01/2020,06/30/2021,,2.83288,16%,04/01/2018,03/31/2021,-,N,07/01/2019,06/30/2020,
390267,FORBES HOSPITAL,38300,"Pittsburgh, PA",84.88,50%,07/01/2020,06/30/2021,,3.49754,2%,04/01/2018,03/31/2021,-,N,07/01/2019,06/30/2020,
390316,SURGICAL INSTITUTE OF READING,39740,"Reading, PA",93.06,99%,07/01/2020,06/30/2021,,2.91842,12%,04/01/2018,03/31/2021,-,N,07/01/2019,06/30/2020,
390323,ADVANCED SURGICAL HOSPITAL,38300,"Pittsburgh, PA",94.50,100%,07/01/2020,06/30/2021,,2.0794,79%,04/01/2018,03/31/2021,-,N,07/01/2019,06/30/2020,
390328,UPMC EAST,38300,"Pittsburgh, PA",85.75,63%,07/01/2020,06/30/2021,,2.96199,11%,04/01/2018,03/31/2021,-,N,07/01/2019,06/30/2020,
420051,MCLEOD REGIONAL MEDICAL CENTER-PEE DEE,22500,"Florence, SC",83.44,30%,07/01/2020,06/30/2021,,2.29902,55%,04/01/2018,03/31/2021,-,N,07/01/2019,06/30/2020,
420091,CAROLINAS HOSPITAL SYSTEM,22500,"Florence, SC",84.75,49%,07/01/2020,06/30/2021,,2.8659,14%,04/01/2018,03/31/2021,-,N,07/01/2019,06/30/2020,
440048,BAPTIST MEMORIAL HOSPITAL,32820,"Memphis, TN-MS-AR",82.06,18%,07/01/2020,06/30/2021,,2.51493,34%,04/01/2018,03/31/2021,-,N,07/01/2019,06/30/2020,
440049,METHODIST HEALTHCARE MEMPHIS HOSPITALS,32820,"Memphis, TN-MS-AR",83.88,36%,07/01/2020,06/30/2021,,1.91118,89%,04/01/2018,03/31/2021,-,N,07/01/2019,06/30/2020,
440073,MAURY REGIONAL HOSPITAL,34980,"Nashville-Davidson--Murfreesboro--Franklin, TN",86.81,78%,07/01/2020,06/30/2021,,2.02306,84%,04/01/2018,03/31/2021,-,N,07/01/2019,06/30/2020,
440152,REGIONAL ONE HEALTH,32820,"Memphis, TN-MS-AR",78.19,4%,07/01/2020,06/30/2021,,2.18449,68%,04/01/2018,03/31/2021,-,N,07/01/2019,06/30/2020,
440159,DELTA MEDICAL CENTER,32820,"Memphis, TN-MS-AR",N/A,N/A,07/01/2020,06/30/2021,***,N/A,N/A,04/01/2018,03/31/2021,5,N,07/01/2019,06/30/2020,**
440161,TRISTAR CENTENNIAL MEDICAL CENTER,34980,"Nashville-Davidson--Murfreesboro--Franklin, TN",87.88,88%,07/01/2020,06/30/2021,,2.18969,68%,04/01/2018,03/31/2021,-,Y,07/01/2019,06/30/2020,
440183,ST FRANCIS HOSPITAL,32820,"Memphis, TN-MS-AR",78.81,4%,07/01/2020,06/30/2021,,2.14533,73%,04/01/2018,03/31/2021,-,N,07/01/2019,06/30/2020,
440228,SAINT FRANCIS BARTLETT MEDICAL CENTER,32820,"Memphis, TN-MS-AR",78.56,4%,07/01/2020,06/30/2021,,2.76538,19%,04/01/2018,03/31/2021,-,N,07/01/2019,06/30/2020,*
450040,COVENANT MEDICAL CENTER,31180,"Lubbock, TX",83.56,32%,07/01/2020,06/30/2021,,2.6563,25%,04/01/2018,03/31/2021,-,N,07/01/2019,06/30/2020,*
450046,CHRISTUS SPOHN HOSPITAL CORPUS CHRISTI,18580,"Corpus Christi, TX",81.81,17%,07/01/2020,06/30/2021,,2.20047,66%,04/01/2018,03/31/2021,-,N,07/01/2019,06/30/2020,
450054,SCOTT & WHITE MEDICAL CENTER - TEMPLE,28660,"Killeen-Temple, TX",85.44,59%,07/01/2020,06/30/2021,,2.72808,21%,04/01/2018,03/31/2021,-,Y,07/01/2019,06/30/2020,
450056,Seton Medical Center Austin,12420,"Austin-Round Rock, TX",85.44,59%,07/01/2020,06/30/2021,,2.49639,36%,04/01/2018,03/31/2021,-,N,07/01/2019,06/30/2020,
450083,UT HEALTH EAST TEXAS - TYLER,46340,"Tyler, TX",81.50,15%,07/01/2020,06/30/2021,,2.29529,56%,04/01/2018,03/31/2021,-,N,07/01/2019,06/30/2020,
450102,MOTHER FRANCES HOSPITAL,46340,"Tyler, TX",85.19,54%,07/01/2020,06/30/2021,,2.29772,56%,04/01/2018,03/31/2021,-,N,07/01/2019,06/30/2020,
450124,UNIVERSITY MEDICAL CENTER AT BRACKENRIDGE,12420,"Austin-Round Rock, TX",86.81,78%,07/01/2020,06/30/2021,,2.06889,79%,04/01/2018,03/31/2021,-,N,07/01/2019,06/30/2020,
450152,METROPLEX HOSPITAL,28660,"Killeen-Temple, TX",85.94,66%,07/01/2020,06/30/2021,,2.37422,49%,04/01/2018,03/31/2021,-,N,07/01/2019,06/30/2020,
450162,GRACE MEDICAL CENTER,31180,"Lubbock, TX",N/A,N/A,07/01/2020,06/30/2021,***,2.52166,34%,04/01/2018,03/31/2021,-,N,07/01/2019,06/30/2020,
450272,CHRISTUS SANTA ROSA HOSPITAL SAN MARCOS,12420,"Austin-Round Rock, TX",85.94,66%,07/01/2020,06/30/2021,,3.16696,6%,04/01/2018,03/31/2021,-,N,07/01/2019,06/30/2020,
450431,ST DAVID'S MEDICAL CENTER,12420,"Austin-Round Rock, TX",87.13,81%,07/01/2020,06/30/2021,,2.04636,82%,04/01/2018,03/31/2021,-,Y,07/01/2019,06/30/2020,
450518,THE MEDICAL CENTER OF SOUTHEAST TEXAS,13140,"Beaumont-Port Arthur, TX",77.50,3%,07/01/2020,06/30/2021,,2.59358,29%,04/01/2018,03/31/2021,-,N,07/01/2019,06/30/2020,*
450686,UNIVERSITY MEDICAL CENTER,31180,"Lubbock, TX",86.94,79%,07/01/2020,06/30/2021,,3.29704,5%,04/01/2018,03/31/2021,-,N,07/01/2019,06/30/2020,
450713,ST DAVID'S SOUTH AUSTIN MEDICAL CENTER,12420,"Austin-Round Rock, TX",85.63,61%,07/01/2020,06/30/2021,,1.88477,90%,04/01/2018,03/31/2021,-,N,07/01/2019,06/30/2020,
450718,ROUND ROCK MEDICAL CENTER,12420,"Austin-Round Rock, TX",85.44,59%,07/01/2020,06/30/2021,,2.15727,72%,04/01/2018,03/31/2021,-,N,07/01/2019,06/30/2020,
450788,"CORPUS CHRISTI MEDICAL CENTER,THE",18580,"Corpus Christi, TX",82.50,22%,07/01/2020,06/30/2021,,2.71287,21%,04/01/2018,03/31/2021,-,N,07/01/2019,06/30/2020,*
450808,NORTHWEST HILLS SURGICAL HOSPITAL,12420,"Austin-Round Rock, TX",N/A,N/A,07/01/2020,06/30/2021,***,N/A,N/A,04/01/2018,03/31/2021,1,N,07/01/2019,06/30/2020,
450809,NORTH AUSTIN MEDICAL CENTER,12420,"Austin-Round Rock, TX",85.50,59%,07/01/2020,06/30/2021,,2.12919,75%,04/01/2018,03/31/2021,-,N,07/01/2019,06/30/2020,
450864,TEXAS SPINE AND JOINT HOSPITAL,46340,"Tyler, TX",92.44,99%,07/01/2020,06/30/2021,,2.3532,51%,04/01/2018,03/31/2021,-,Y,07/01/2019,06/30/2020,
450867,SETON NORTHWEST HOSPITAL,12420,"Austin-Round Rock, TX",86.25,71%,07/01/2020,06/30/2021,,2.80305,17%,04/01/2018,03/31/2021,-,N,07/01/2019,06/30/2020,
450871,ARISE AUSTIN MEDICAL CENTER,12420,"Austin-Round Rock, TX",88.25,90%,07/01/2020,06/30/2021,,2.38287,47%,04/01/2018,03/31/2021,-,N,07/01/2019,06/30/2020,
450876,LUBBOCK HEART HOSPITAL LP,31180,"Lubbock, TX",86.50,74%,07/01/2020,06/30/2021,,3.05512,8%,04/01/2018,03/31/2021,-,N,07/01/2019,06/30/2020,
460001,UTAH VALLEY REGIONAL MEDICAL CENTER,39340,"Provo-Orem, UT",86.56,75%,07/01/2020,06/30/2021,,2.70708,22%,04/01/2018,03/31/2021,-,N,07/01/2019,06/30/2020,
460004,MCKAY DEE HOSPITAL,36260,"Ogden-Clearfield, UT",85.31,57%,07/01/2020,06/30/2021,,1.85007,92%,04/01/2018,03/31/2021,-,N,07/01/2019,06/30/2020,
460013,MOUNTAIN VIEW HOSPITAL,39340,"Provo-Orem, UT",88.81,93%,07/01/2020,06/30/2021,,2.46795,39%,04/01/2018,03/31/2021,-,N,07/01/2019,06/30/2020,
460023,AMERICAN FORK HOSPITAL,39340,"Provo-Orem, UT",85.19,54%,07/01/2020,06/30/2021,,2.3471,51%,04/01/2018,03/31/2021,-,N,07/01/2019,06/30/2020,
460041,DAVIS HOSPITAL AND MEDICAL CENTER,36260,"Ogden-Clearfield, UT",83.50,31%,07/01/2020,06/30/2021,,2.38434,47%,04/01/2018,03/31/2021,-,N,07/01/2019,06/30/2020,
460042,LAKEVIEW HOSPITAL,36260,"Ogden-Clearfield, UT",85.56,60%,07/01/2020,06/30/2021,,2.00418,85%,04/01/2018,03/31/2021,-,N,07/01/2019,06/30/2020,
460052,TIMPANOGOS REGIONAL HOSPITAL,39340,"Provo-Orem, UT",86.25,71%,07/01/2020,06/30/2021,,3.14513,7%,04/01/2018,03/31/2021,-,N,07/01/2019,06/30/2020,
500005,VIRGINIA MASON MEDICAL CENTER,42660,"Seattle-Tacoma-Bellevue, WA",88.50,91%,07/01/2020,06/30/2021,,1.53637,99%,04/01/2018,03/31/2021,-,N,07/01/2019,06/30/2020,
500014,PROVIDENCE REGIONAL MEDICAL CENTER EVERETT,42660,"Seattle-Tacoma-Bellevue, WA",83.44,30%,07/01/2020,06/30/2021,,2.84214,15%,04/01/2018,03/31/2021,-,N,07/01/2019,06/30/2020,*
500026,SWEDISH EDMONDS HOSPITAL,42660,"Seattle-Tacoma-Bellevue, WA",82.25,20%,07/01/2020,06/30/2021,,2.80895,17%,04/01/2018,03/31/2021,-,N,07/01/2019,06/30/2020,*
500027,SWEDISH MEDICAL CENTER,42660,"Seattle-Tacoma-Bellevue, WA",83.94,37%,07/01/2020,06/30/2021,,1.38119,100%,04/01/2018,03/31/2021,-,N,07/01/2019,06/30/2020,
500150,LEGACY SALMON CREEK MEDICAL CENTER,38900,"Portland-Vancouver-Hillsboro, OR-WA",88.25,90%,07/01/2020,06/30/2021,,1.74122,95%,04/01/2018,03/31/2021,-,N,07/01/2019,06/30/2020,
500151,ST ANTHONY HOSPITAL,42660,"Seattle-Tacoma-Bellevue, WA",85.00,52%,07/01/2020,06/30/2021,,2.23103,62%,04/01/2018,03/31/2021,-,N,07/01/2019,06/30/2020,
500152,SWEDISH ISSAQUAH,42660,"Seattle-Tacoma-Bellevue, WA",86.38,72%,07/01/2020,06/30/2021,,2.94575,11%,04/01/2018,03/31/2021,-,N,07/01/2019,06/30/2020,
520028,THE MONROE CLINIC,31540,"Madison, WI",90.69,97%,07/01/2020,06/30/2021,,2.06709,80%,04/01/2018,03/31/2021,-,N,07/01/2019,06/30/2020,
520083,ST MARYS HOSPITAL,31540,"Madison, WI",87.25,82%,07/01/2020,06/30/2021,,2.68076,24%,04/01/2018,03/31/2021,-,N,07/01/2019,06/30/2020,
520194,ORTHOPAEDIC HOSPITAL OF WISCONSIN,33340,"Milwaukee-Waukesha-West Allis, WI",93.31,100%,07/01/2020,06/30/2021,,1.59692,98%,04/01/2018,03/31/2021,-,N,07/01/2019,06/30/2020,
520205,MIDWEST ORTHOPEDIC SPECIALTY HOSPITAL,33340,"Milwaukee-Waukesha-West Allis, WI",91.19,98%,07/01/2020,06/30/2021,,2.86511,14%,04/01/2018,03/31/2021,-,N,07/01/2019,06/30/2020,
520207,AURORA MEDICAL CENTER,33340,"Milwaukee-Waukesha-West Allis, WI",88.75,92%,07/01/2020,06/30/2021,,2.20246,66%,04/01/2018,03/31/2021,-,N,07/01/2019,06/30/2020,
670006,THE HOSPITAL AT WESTLAKE MEDICAL CENTER,12420,"Austin-Round Rock, TX",85.38,58%,07/01/2020,06/30/2021,,2.21664,64%,04/01/2018,03/31/2021,-,N,07/01/2019,06/30/2020,
670034,BAYLOR SCOTT & WHITE MEDICAL CENTER - ROUND ROCK,12420,"Austin-Round Rock, TX",86.06,68%,07/01/2020,06/30/2021,,2.52845,33%,04/01/2018,03/31/2021,-,Y,07/01/2019,06/30/2020,
670041,SETON MEDICAL CENTER WILLIAMSON,12420,"Austin-Round Rock, TX",85.56,60%,07/01/2020,06/30/2021,,N/A,N/A,04/01/2018,03/31/2021,1,N,07/01/2019,06/30/2020,
670043,CEDAR PARK REGIONAL MEDICAL CENTER,12420,"Austin-Round Rock, TX",82.13,19%,07/01/2020,06/30/2021,,3.39194,4%,04/01/2018,03/31/2021,-,N,07/01/2019,06/30/2020,*
670056,SETON MEDICAL CENTER HAYS,12420,"Austin-Round Rock, TX",85.88,65%,07/01/2020,06/30/2021,,2.42787,43%,04/01/2018,03/31/2021,-,N,07/01/2019,06/30/2020,
670061,SOUTH TEXAS SURGICAL HOSPITAL,18580,"Corpus Christi, TX",90.81,97%,07/01/2020,06/30/2021,,1.85556,91%,04/01/2018,03/31/2021,-,N,07/01/2019,06/30/2020,
670080,SETON MEDICAL CENTER HARKER HEIGHTS,28660,"Killeen-Temple, TX",85.44,59%,07/01/2020,06/30/2021,,2.32181,54%,04/01/2018,03/31/2021,-,N,07/01/2019,06/30/2020,
